genome,completeness,contamination,length,N50
ERR2607373_bin.1.fa,68.97,0.0,1897962,3403
ERR2607373_bin.10.fa,82.82,3.71,2776694,5310
ERR2607373_bin.11.fa,82.55,3.05,1497932,4827
ERR2607373_bin.12.fa,60.2,0.84,843250,5679
ERR2607373_bin.13.fa,76.45,1.17,1510634,3906
ERR2607373_bin.15.fa,85.9,2.33,1466273,7003
ERR2607373_bin.17.fa,90.75,1.29,1792142,18273
ERR2607373_bin.19.fa,74.67,0.98,1988637,4660
ERR2607373_bin.2.fa,84.22,0.1,1334128,5744
ERR2607373_bin.20.fa,86.36,2.3,1454797,4949
ERR2607373_bin.21.fa,87.71,0.68,2059902,3745
ERR2607373_bin.22.fa,89.01,2.39,1964140,3656
ERR2607373_bin.23.fa,98.58,0.0,1931152,78374
ERR2607373_bin.24.fa,64.42,2.59,2293827,4149
ERR2607373_bin.26.fa,91.32,8.22,1974787,2412
ERR2607373_bin.27.fa,81.52,4.66,1442153,5658
ERR2607373_bin.29.fa,71.25,3.87,1355223,2000
ERR2607373_bin.32.fa,62.45,2.01,1310377,2279
ERR2607373_bin.33.fa,70.05,3.6,2133129,1791
ERR2607373_bin.4.fa,90.45,2.66,2968704,7920
ERR2607373_bin.6.fa,79.22,2.18,2019058,4845
ERR2607373_bin.8.fa,87.2,4.95,2310584,4449
ERR2607373_bin.9.fa,82.65,2.42,1529313,4038
ERR2607384_bin.1.fa,86.67,5.28,2029290,7715
ERR2607384_bin.10.fa,61.83,1.81,1832549,4501
ERR2607384_bin.11.fa,93.17,4.11,1989099,4061
ERR2607384_bin.12.fa,80.81,2.35,2207086,12484
ERR2607384_bin.13.fa,59.09,0.89,1601354,5039
ERR2607384_bin.14.fa,61.07,0.0,1439464,4384
ERR2607384_bin.15.fa,90.59,6.84,1676760,4593
ERR2607384_bin.16.fa,77.37,3.78,1995969,3394
ERR2607384_bin.17.fa,68.18,1.7,1627906,2461
ERR2607384_bin.18.fa,95.85,4.08,1733113,8927
ERR2607384_bin.19.fa,80.4,2.71,1509257,3490
ERR2607384_bin.20.fa,87.73,3.52,3109227,4832
ERR2607384_bin.21.fa,87.48,0.0,1124351,4202
ERR2607384_bin.5.fa,92.08,0.22,1789994,28481
ERR2607384_bin.6.fa,59.48,0.0,2038012,6156
ERR2607385_bin.1.fa,81.9,3.43,1890572,3275
ERR2607385_bin.3.fa,75.47,3.32,2517190,4178
ERR2607385_bin.4.fa,66.11,1.55,916114,1636
ERR2607385_bin.5.fa,94.76,5.24,1706875,5526
ERR2607395_bin.1.fa,88.86,0.9,1956572,5964
ERR2607395_bin.10.fa,97.0,5.67,2576832,29454
ERR2607395_bin.11.fa,87.83,4.05,3060465,4512
ERR2607395_bin.12.fa,60.66,1.72,1425164,4749
ERR2607395_bin.14.fa,77.85,2.02,1088797,3449
ERR2607395_bin.15.fa,78.06,0.56,2059210,5363
ERR2607395_bin.2.fa,62.66,1.63,2023009,29364
ERR2607395_bin.3.fa,90.25,3.46,2019902,4006
ERR2607395_bin.5.fa,95.24,3.04,2486208,7476
ERR2607395_bin.6.fa,81.19,2.78,2939810,3407
ERR2607395_bin.8.fa,58.07,0.0,1095023,3328
ERR2607402_bin.1.fa,82.72,4.25,1954756,2469
ERR2607410_bin.2.fa,89.33,7.44,1695182,8870
ERR2607410_bin.3.fa,93.17,3.46,2125630,7666
ERR2607410_bin.4.fa,88.99,6.74,1594983,3550
ERR2607410_bin.5.fa,96.19,2.61,1850348,23576
ERR2607410_bin.6.fa,81.71,2.91,1391903,2966
ERR2607410_bin.7.fa,58.23,0.56,1471079,2937
ERR2607410_bin.8.fa,66.58,1.12,1259959,4444
ERR2607426_bin.1.fa,92.34,2.5,2339806,43806
ERR2607426_bin.12.fa,54.81,0.0,1054090,2230
ERR2607426_bin.13.fa,73.87,0.29,1683131,6073
ERR2607426_bin.14.fa,91.4,3.76,2451656,7491
ERR2607426_bin.15.fa,74.99,4.58,1841224,3950
ERR2607426_bin.16.fa,86.14,2.57,2074285,5684
ERR2607426_bin.17.fa,92.86,1.21,1903228,14791
ERR2607426_bin.19.fa,80.72,6.14,1585054,3885
ERR2607426_bin.2.fa,95.83,1.96,3284190,8761
ERR2607426_bin.20.fa,71.98,4.03,2013589,3267
ERR2607426_bin.22.fa,66.29,1.89,1172300,2148
ERR2607426_bin.23.fa,98.64,3.58,1861337,8302
ERR2607426_bin.24.fa,91.17,4.42,3034495,6509
ERR2607426_bin.25.fa,91.35,1.28,1713078,10394
ERR2607426_bin.26.fa,80.2,3.7,2790658,3157
ERR2607426_bin.27.fa,71.95,2.23,1607343,4659
ERR2607426_bin.28.fa,71.18,2.39,1948153,3503
ERR2607426_bin.29.fa,88.14,5.07,1814665,9367
ERR2607426_bin.3.fa,77.59,0.0,2271181,13030
ERR2607426_bin.32.fa,77.59,3.45,1987020,7306
ERR2607426_bin.33.fa,91.76,3.42,2370601,8817
ERR2607426_bin.35.fa,74.43,3.46,2642696,6775
ERR2607426_bin.36.fa,65.95,3.09,1646590,2001
ERR2607426_bin.37.fa,97.31,1.2,1651522,12460
ERR2607426_bin.39.fa,66.27,2.75,1300886,2323
ERR2607426_bin.4.fa,89.11,0.12,1766717,16296
ERR2607426_bin.41.fa,85.19,2.13,1680330,13944
ERR2607426_bin.43.fa,61.42,2.26,1585894,2088
ERR2607426_bin.46.fa,68.87,2.44,2099093,2227
ERR2607426_bin.6.fa,94.57,5.14,2213718,9164
ERR2607426_bin.7.fa,86.26,2.24,1425684,4057
ERR2607426_bin.8.fa,100.0,6.27,1593670,8219
ERR2607430_bin.1.fa,96.64,2.37,1760998,8044
ERR2607430_bin.10.fa,92.4,2.28,1786971,11602
ERR2607430_bin.11.fa,62.25,1.92,1396301,2044
ERR2607430_bin.14.fa,91.01,1.72,2357690,14286
ERR2607430_bin.15.fa,87.35,0.63,1878745,5631
ERR2607430_bin.17.fa,94.22,6.49,1949262,4725
ERR2607430_bin.18.fa,93.35,1.69,3125657,12305
ERR2607430_bin.19.fa,95.82,1.4,2100502,44403
ERR2607430_bin.2.fa,93.93,1.12,1856260,34305
ERR2607430_bin.20.fa,75.0,0.0,2174530,6332
ERR2607430_bin.21.fa,91.8,5.92,1747448,4885
ERR2607430_bin.22.fa,58.03,0.0,2331506,4898
ERR2607430_bin.23.fa,61.01,0.19,756119,15304
ERR2607430_bin.24.fa,68.88,3.37,1718866,6070
ERR2607430_bin.25.fa,87.13,0.94,1709699,5330
ERR2607430_bin.26.fa,77.32,0.0,962070,5578
ERR2607430_bin.27.fa,88.21,1.22,2048510,12747
ERR2607430_bin.29.fa,91.73,0.37,2490502,17987
ERR2607430_bin.30.fa,62.66,0.0,2227971,2707
ERR2607430_bin.31.fa,100.0,2.6,1576649,5577
ERR2607430_bin.33.fa,82.98,5.54,2793010,4282
ERR2607430_bin.34.fa,99.15,0.43,2070690,73881
ERR2607430_bin.36.fa,85.54,3.59,1911950,6257
ERR2607430_bin.37.fa,83.42,3.63,1824074,3541
ERR2607430_bin.38.fa,94.14,2.62,2921023,11361
ERR2607430_bin.39.fa,79.68,2.72,1945805,2484
ERR2607430_bin.4.fa,68.49,2.56,1985528,2090
ERR2607430_bin.41.fa,67.96,2.76,1411611,2107
ERR2607430_bin.42.fa,64.48,2.31,3134641,3481
ERR2607430_bin.5.fa,71.0,1.72,1227486,5602
ERR2607430_bin.7.fa,100.0,0.0,2953999,51810
ERR2607430_bin.8.fa,99.51,1.23,2739782,47763
ERR2607430_bin.9.fa,98.88,7.46,3608531,32394
ERR2607435_bin.1.fa,71.02,0.0,1244432,2107
ERR2607435_bin.10.fa,80.65,3.56,2267703,3355
ERR2607435_bin.2.fa,92.58,5.78,1576112,7339
ERR2607435_bin.3.fa,69.99,3.16,1831289,1738
ERR2607435_bin.4.fa,93.48,2.0,1906580,8125
ERR2607435_bin.5.fa,70.17,2.17,2321663,3893
ERR2607435_bin.8.fa,63.12,0.71,1617352,1917
ERR2607438_bin.10.fa,99.78,0.25,6849778,144101
ERR2607438_bin.11.fa,69.12,1.72,1919547,3709
ERR2607438_bin.12.fa,88.34,3.19,2698173,11555
ERR2607438_bin.13.fa,86.03,1.36,2083097,3929
ERR2607438_bin.15.fa,75.07,2.71,2470047,4397
ERR2607438_bin.16.fa,85.57,2.24,1565716,3435
ERR2607438_bin.17.fa,83.39,0.69,1591365,7734
ERR2607438_bin.18.fa,56.82,0.0,1440892,3867
ERR2607438_bin.20.fa,87.19,3.37,1274391,6594
ERR2607438_bin.21.fa,82.12,4.35,2184728,4580
ERR2607438_bin.23.fa,93.82,3.73,2858878,3118
ERR2607438_bin.24.fa,63.79,1.72,1482847,1978
ERR2607438_bin.25.fa,92.96,1.87,1911987,11121
ERR2607438_bin.26.fa,83.45,3.36,1502322,4119
ERR2607438_bin.27.fa,92.39,3.14,1700039,6490
ERR2607438_bin.28.fa,90.12,5.32,1882499,3277
ERR2607438_bin.29.fa,62.87,1.44,1128629,3496
ERR2607438_bin.30.fa,95.86,2.48,1803836,7973
ERR2607438_bin.31.fa,88.92,5.49,1535753,5695
ERR2607438_bin.4.fa,93.42,5.13,2143409,4070
ERR2607438_bin.6.fa,79.71,5.13,2002812,2797
ERR2607438_bin.9.fa,89.65,1.18,1756711,11720
ERR2607441_bin.1.fa,69.83,2.59,2763685,8712
ERR2607441_bin.10.fa,78.17,2.95,1948565,6037
ERR2607441_bin.12.fa,68.24,3.48,2313874,4769
ERR2607441_bin.15.fa,87.73,2.36,2233476,17147
ERR2607441_bin.16.fa,55.17,0.0,1214972,5706
ERR2607441_bin.17.fa,87.65,3.53,1956142,3468
ERR2607441_bin.19.fa,90.77,4.59,1609792,7375
ERR2607441_bin.2.fa,59.48,1.72,2028310,23243
ERR2607441_bin.20.fa,64.66,1.72,3207116,11384
ERR2607441_bin.22.fa,56.9,0.0,1998017,7000
ERR2607441_bin.4.fa,75.93,4.54,1977462,3296
ERR2607441_bin.5.fa,67.24,0.0,1832704,5318
ERR2607441_bin.7.fa,76.33,3.12,4086759,5732
ERR2607441_bin.9.fa,87.44,6.48,4404461,4228
ERR2607471_bin.1.fa,77.59,2.59,2324633,6770
ERR2607471_bin.10.fa,81.38,3.87,1810498,2814
ERR2607471_bin.11.fa,93.11,3.47,1924958,11902
ERR2607471_bin.12.fa,80.01,2.18,1641558,3046
ERR2607471_bin.13.fa,66.89,1.08,2018288,4771
ERR2607471_bin.14.fa,60.81,0.63,866036,3472
ERR2607471_bin.15.fa,79.67,4.07,1454027,3455
ERR2607471_bin.16.fa,97.19,3.37,1602923,11658
ERR2607471_bin.17.fa,91.75,4.7,1778822,19807
ERR2607471_bin.19.fa,87.48,3.94,1948668,9493
ERR2607471_bin.2.fa,61.43,0.69,1558930,4820
ERR2607471_bin.21.fa,92.55,2.63,1644902,4669
ERR2607471_bin.3.fa,81.09,3.73,2293922,4089
ERR2607471_bin.4.fa,82.23,4.22,1757843,7544
ERR2607471_bin.5.fa,83.42,2.95,1751640,3402
ERR2607471_bin.6.fa,100.0,6.9,2426835,23442
ERR2607471_bin.8.fa,90.17,2.3,1997586,7174
ERR2683209_bin.1.fa,85.12,2.68,1567319,6962
ERR2683209_bin.12.fa,59.48,1.72,2583584,2742
ERR2683209_bin.14.fa,96.36,6.9,1597612,7459
ERR2683209_bin.15.fa,60.27,1.72,1914054,3398
ERR2683209_bin.19.fa,84.99,0.39,1581418,7296
ERR2683209_bin.2.fa,73.61,1.94,1746321,3681
ERR2683209_bin.20.fa,65.52,0.86,2012624,5481
ERR2683209_bin.24.fa,70.18,1.75,2214282,3159
ERR2683209_bin.25.fa,92.46,2.51,1933049,15920
ERR2683209_bin.26.fa,67.81,2.38,1460494,1985
ERR2683209_bin.27.fa,60.9,1.59,1437504,2944
ERR2683209_bin.28.fa,94.73,1.95,2243669,6828
ERR2683209_bin.29.fa,91.29,2.69,3942366,11109
ERR2683209_bin.3.fa,78.21,2.59,639707,7157
ERR2683209_bin.33.fa,91.55,1.17,1672865,5905
ERR2683209_bin.4.fa,73.22,2.56,2545822,6150
ERR2683209_bin.5.fa,86.53,4.58,2401944,5367
ERR2683209_bin.8.fa,91.39,6.44,2097408,7386
ERR2683215_bin.1.fa,84.57,2.89,2329580,6697
ERR2683215_bin.10.fa,81.42,0.41,1462938,37903
ERR2683215_bin.11.fa,58.04,1.46,2485843,5063
ERR2683215_bin.14.fa,75.37,4.22,1936251,2468
ERR2683215_bin.2.fa,67.4,3.45,1297780,4606
ERR2683215_bin.3.fa,80.22,4.56,3538450,5404
ERR2683215_bin.4.fa,87.94,2.4,5585686,13903
ERR2683215_bin.5.fa,72.91,3.2,2902029,7039
ERR2683215_bin.6.fa,87.5,0.59,3720394,21966
ERR2683272_bin.1.fa,71.14,1.25,1838540,2625
ERR2683272_bin.10.fa,82.36,5.88,1972567,8132
ERR2683272_bin.11.fa,59.56,0.16,1675807,2092
ERR2683272_bin.12.fa,67.9,2.66,1624953,2785
ERR2683272_bin.13.fa,89.59,4.75,1382011,5986
ERR2683272_bin.14.fa,99.35,1.31,2628066,32458
ERR2683272_bin.16.fa,72.28,2.3,1912756,3089
ERR2683272_bin.17.fa,78.97,0.65,1670260,5780
ERR2683272_bin.18.fa,95.88,0.5,2620858,18023
ERR2683272_bin.2.fa,71.07,3.32,1286397,4390
ERR2683272_bin.20.fa,86.84,3.34,2326266,7328
ERR2683272_bin.21.fa,96.55,0.0,3029171,18535
ERR2683272_bin.22.fa,71.45,2.31,1439477,5186
ERR2683272_bin.23.fa,78.05,3.42,2094654,5559
ERR2683272_bin.24.fa,84.15,2.33,3990249,7057
ERR2683272_bin.25.fa,89.2,4.47,1590248,5223
ERR2683272_bin.26.fa,91.18,6.28,2064264,9422
ERR2683272_bin.27.fa,89.17,1.44,2293045,5401
ERR2683272_bin.29.fa,82.05,0.0,1703574,3062
ERR2683272_bin.30.fa,80.72,0.0,1482767,22960
ERR2683272_bin.31.fa,98.47,2.18,2883894,6634
ERR2683272_bin.34.fa,97.42,0.07,3232295,17302
ERR2683272_bin.36.fa,97.19,8.92,6562195,5579
ERR2683272_bin.37.fa,70.69,3.45,2319860,5974
ERR2683272_bin.4.fa,76.24,2.59,1621083,4800
ERR2683272_bin.6.fa,90.16,1.13,2640463,5736
ERR2683272_bin.7.fa,89.25,3.9,1516938,5911
ERR2683272_bin.9.fa,89.51,5.34,3171197,6834
ERR4678562_bin.1.fa,76.11,0.99,2205176,3501
ERR4678562_bin.10.fa,88.32,3.21,1809215,10322
ERR4678562_bin.12.fa,63.17,2.34,2759799,2191
ERR4678562_bin.14.fa,84.68,4.13,2233269,5320
ERR4678562_bin.15.fa,99.1,1.2,1769798,23807
ERR4678562_bin.17.fa,85.97,3.69,2223322,5912
ERR4678562_bin.2.fa,92.01,3.7,2739376,35165
ERR4678562_bin.20.fa,88.9,4.54,1770394,3274
ERR4678562_bin.26.fa,79.82,2.53,1556728,5277
ERR4678562_bin.27.fa,66.11,1.75,1750745,2956
ERR4678562_bin.28.fa,63.61,0.86,1730835,2172
ERR4678562_bin.30.fa,97.06,2.74,1629053,9667
ERR4678562_bin.31.fa,65.52,1.72,1358425,3761
ERR4678562_bin.32.fa,80.71,3.9,1895366,3861
ERR4678562_bin.34.fa,74.38,3.18,1365738,4105
ERR4678562_bin.36.fa,89.94,4.93,1964946,5872
ERR4678562_bin.37.fa,54.31,0.0,1585255,2498
ERR4678562_bin.38.fa,74.52,3.1,2859135,3327
ERR4678562_bin.39.fa,79.36,5.15,2354986,3934
ERR4678562_bin.42.fa,88.4,3.21,2957131,14479
ERR4678562_bin.43.fa,95.97,2.99,1781303,8172
ERR4678562_bin.45.fa,80.91,4.13,1858662,5198
ERR4678562_bin.48.fa,67.98,1.88,1784110,2804
ERR4678562_bin.5.fa,85.4,2.9,1596170,2113
ERR4678562_bin.6.fa,90.08,1.12,1377953,9423
ERR4678562_bin.7.fa,77.9,3.01,1639274,4279
ERR4678562_bin.8.fa,68.45,3.57,1721698,2882
ERR4678562_bin.9.fa,67.94,1.85,1167905,3315
ERR4678565_bin.10.fa,76.46,3.85,1776461,3786
ERR4678565_bin.11.fa,93.08,0.17,1593768,7161
ERR4678565_bin.13.fa,75.07,1.6,1084263,2622
ERR4678565_bin.14.fa,86.86,7.19,1701402,4265
ERR4678565_bin.15.fa,71.26,0.0,2012917,2679
ERR4678565_bin.16.fa,96.1,1.29,1975230,15009
ERR4678565_bin.17.fa,91.87,5.78,1974619,4215
ERR4678565_bin.18.fa,97.82,1.53,2406970,6853
ERR4678565_bin.19.fa,83.78,4.36,1626193,8655
ERR4678565_bin.20.fa,63.95,1.87,1556819,2954
ERR4678565_bin.21.fa,80.29,4.57,1404420,2505
ERR4678565_bin.22.fa,68.48,2.11,1295253,4437
ERR4678565_bin.23.fa,90.21,4.42,3662322,3879
ERR4678565_bin.24.fa,91.58,2.78,2091957,10592
ERR4678565_bin.26.fa,64.22,1.5,1504769,4985
ERR4678565_bin.27.fa,55.45,0.86,1381452,1789
ERR4678565_bin.29.fa,89.71,2.48,2437652,7130
ERR4678565_bin.3.fa,77.11,2.23,2250620,3359
ERR4678565_bin.30.fa,85.76,4.45,2042061,4308
ERR4678565_bin.33.fa,84.03,2.36,1371675,5999
ERR4678565_bin.34.fa,96.27,6.05,2135496,5968
ERR4678565_bin.36.fa,82.04,4.01,1449117,4571
ERR4678565_bin.4.fa,96.64,4.92,1847509,6561
ERR4678565_bin.40.fa,91.67,3.97,2449000,6728
ERR4678565_bin.41.fa,95.96,0.83,1753292,16448
ERR4678565_bin.43.fa,94.44,3.32,2240370,3318
ERR4678565_bin.46.fa,92.77,2.61,1886035,12521
ERR4678565_bin.49.fa,87.16,2.97,2355376,7550
ERR4678565_bin.51.fa,57.89,0.79,1031568,3874
ERR4678565_bin.57.fa,56.83,0.04,1847339,2239
ERR4678565_bin.6.fa,88.87,5.71,2522527,5054
ERR4678565_bin.7.fa,82.74,3.21,2232164,4472
ERR4678565_bin.8.fa,91.29,5.77,1276312,10552
ERR4678565_bin.9.fa,54.31,0.0,2102123,2845
ERR4678591_bin.3.fa,96.92,4.37,2456630,7085
ERR4678597_bin.11.fa,86.18,3.69,2649721,4476
ERR4678597_bin.12.fa,78.45,0.0,1871938,5176
ERR4678597_bin.13.fa,81.76,1.37,2109749,4860
ERR4678597_bin.14.fa,63.79,1.72,1718058,3954
ERR4678597_bin.15.fa,84.3,2.59,1465552,1961
ERR4678597_bin.17.fa,81.97,2.68,2276128,7280
ERR4678597_bin.21.fa,84.05,3.07,1861496,7008
ERR4678597_bin.22.fa,81.15,5.87,2598495,4752
ERR4678597_bin.23.fa,85.63,1.99,1650826,5275
ERR4678597_bin.24.fa,56.17,0.7,1017635,9091
ERR4678597_bin.26.fa,88.29,3.74,2070573,4900
ERR4678597_bin.27.fa,54.66,0.0,1249295,2543
ERR4678597_bin.28.fa,72.04,3.82,2638582,5066
ERR4678597_bin.29.fa,77.59,2.59,2311540,6402
ERR4678597_bin.30.fa,88.09,1.01,2172320,12698
ERR4678597_bin.31.fa,88.7,3.49,3822353,7604
ERR4678597_bin.32.fa,85.49,2.11,1732522,5235
ERR4678597_bin.35.fa,75.5,0.59,2131675,4248
ERR4678597_bin.37.fa,75.51,4.53,1501932,2438
ERR4678597_bin.4.fa,84.52,2.5,2738358,5314
ERR4678597_bin.5.fa,59.04,0.42,1408446,1697
ERR4678597_bin.6.fa,65.67,0.0,1385236,3966
ERR4678597_bin.7.fa,88.14,0.85,1666629,12061
ERR4678597_bin.8.fa,64.14,0.65,1483755,2516
ERR4678597_bin.9.fa,78.53,5.36,2102066,2520
ERR4678611_bin.10.fa,66.99,3.12,2101182,4275
ERR4678611_bin.11.fa,93.95,1.91,2750895,9382
ERR4678611_bin.12.fa,92.26,3.41,3186729,19314
ERR4678611_bin.13.fa,91.63,7.84,2021628,7672
ERR4678611_bin.14.fa,94.15,3.6,3295005,7747
ERR4678611_bin.16.fa,90.16,6.16,2655160,13897
ERR4678611_bin.17.fa,71.28,3.22,2509888,5297
ERR4678611_bin.18.fa,68.01,1.91,2059917,4762
ERR4678611_bin.19.fa,72.32,2.18,1243588,3658
ERR4678611_bin.20.fa,77.32,3.24,1866107,4024
ERR4678611_bin.22.fa,87.77,3.42,2359555,8125
ERR4678611_bin.24.fa,83.68,3.83,2965765,5092
ERR4678611_bin.25.fa,85.91,3.45,2067880,7756
ERR4678611_bin.28.fa,67.55,0.0,2795943,6337
ERR4678611_bin.29.fa,66.24,1.24,1719385,4360
ERR4678611_bin.30.fa,83.87,1.24,1528950,2651
ERR4678611_bin.32.fa,68.51,3.63,1725492,2135
ERR4678611_bin.34.fa,91.33,2.72,1771841,13261
ERR4678611_bin.38.fa,90.74,4.37,1722557,6448
ERR4678611_bin.39.fa,94.15,1.08,1871849,22184
ERR4678611_bin.4.fa,87.02,4.18,2356834,8984
ERR4678611_bin.40.fa,58.82,1.69,522436,4756
ERR4678611_bin.41.fa,89.68,3.52,2214894,12375
ERR4678611_bin.42.fa,69.29,1.82,1651102,3139
ERR4678611_bin.43.fa,73.85,1.34,1834341,2471
ERR4678611_bin.45.fa,100.0,1.2,1826809,18601
ERR4678611_bin.47.fa,99.59,0.9,1700112,10633
ERR4678611_bin.48.fa,75.66,2.76,2208421,4492
ERR4678611_bin.49.fa,100.0,0.46,2616233,14622
ERR4678611_bin.5.fa,76.32,4.39,1697236,6254
ERR4678611_bin.50.fa,87.33,3.22,3192507,199460
ERR4678611_bin.52.fa,96.57,0.35,1556575,16273
ERR4678611_bin.53.fa,83.08,6.42,2897203,5586
ERR4678611_bin.57.fa,85.71,3.02,3037453,9457
ERR4678611_bin.6.fa,61.08,1.35,1002854,4103
ERR4678611_bin.60.fa,93.22,0.0,1591708,18432
ERR4678611_bin.62.fa,87.16,3.55,2346415,14770
ERR4678611_bin.64.fa,98.33,1.9,3451075,33785
ERR4678611_bin.66.fa,59.2,0.77,1406658,2316
ERR4678611_bin.8.fa,95.79,1.2,1888161,31216
ERR4678611_bin.9.fa,95.0,1.01,1902868,24782
ERR4678634_bin.1.fa,80.71,3.77,1879808,4815
ERR4678634_bin.10.fa,79.04,0.87,2757991,8024
ERR4678634_bin.12.fa,78.16,4.35,1708855,4054
ERR4678634_bin.13.fa,88.94,2.87,2254323,5895
ERR4678634_bin.14.fa,85.75,3.25,2152437,5384
ERR4678634_bin.15.fa,82.54,2.82,2427906,4817
ERR4678634_bin.2.fa,95.21,0.3,1889359,7373
ERR4678634_bin.20.fa,95.63,1.89,1883257,13024
ERR4678634_bin.23.fa,98.61,0.82,1860949,22794
ERR4678634_bin.25.fa,84.47,2.17,1756384,13151
ERR4678634_bin.26.fa,88.03,1.71,1712728,9636
ERR4678634_bin.27.fa,98.89,0.45,3640261,81443
ERR4678634_bin.28.fa,68.02,0.9,2626030,5917
ERR4678634_bin.29.fa,71.23,2.67,1987279,4948
ERR4678634_bin.3.fa,92.37,0.76,3189694,14818
ERR4678634_bin.30.fa,90.83,1.24,2210315,20457
ERR4678634_bin.31.fa,96.2,1.7,2222756,6223
ERR4678634_bin.32.fa,85.3,1.34,2202934,3703
ERR4678634_bin.33.fa,85.04,6.18,1198038,3577
ERR4678634_bin.35.fa,78.71,1.08,1888752,4095
ERR4678634_bin.36.fa,66.51,2.89,1981385,4896
ERR4678634_bin.38.fa,74.07,2.58,1576029,12222
ERR4678634_bin.39.fa,96.55,2.01,2455231,14977
ERR4678634_bin.4.fa,94.02,1.69,3686844,8104
ERR4678634_bin.41.fa,67.37,0.26,997493,4174
ERR4678634_bin.42.fa,90.68,1.7,1567360,4693
ERR4678634_bin.5.fa,76.88,3.06,2108780,4662
ERR4678634_bin.6.fa,88.92,2.83,2164013,14899
ERR4678634_bin.7.fa,79.36,5.67,1544801,6236
ERR4678634_bin.8.fa,82.56,1.85,2025641,5526
ERR4678634_bin.9.fa,68.81,1.75,1480129,6119
ERR4678675_bin.1.fa,75.29,3.12,1405635,4273
ERR4678675_bin.10.fa,68.47,0.37,2652810,197768
ERR4678675_bin.12.fa,66.25,2.12,1214769,2066
ERR4678675_bin.13.fa,77.29,3.12,1888288,4842
ERR4678675_bin.15.fa,55.41,0.85,717731,9969
ERR4678675_bin.16.fa,71.48,3.08,1450288,2606
ERR4678675_bin.18.fa,76.96,3.37,2715129,4340
ERR4678675_bin.19.fa,53.76,0.0,743826,1931
ERR4678675_bin.2.fa,87.06,3.45,1813866,4591
ERR4678675_bin.21.fa,93.26,5.82,3067935,3831
ERR4678675_bin.22.fa,64.22,0.21,1773011,4600
ERR4678675_bin.23.fa,76.78,2.52,1561876,3440
ERR4678675_bin.25.fa,95.03,1.36,2138693,6589
ERR4678675_bin.26.fa,91.5,4.18,2150139,6756
ERR4678675_bin.27.fa,87.1,3.49,2313598,5803
ERR4678675_bin.28.fa,97.76,2.0,1856025,29327
ERR4678675_bin.29.fa,56.32,0.79,1380084,2879
ERR4678675_bin.3.fa,75.83,0.0,2256418,3264
ERR4678675_bin.30.fa,98.81,0.0,1735313,36095
ERR4678675_bin.31.fa,61.18,0.85,682629,20168
ERR4678675_bin.32.fa,53.61,0.0,3191368,5473
ERR4678675_bin.34.fa,87.61,2.57,1556810,9823
ERR4678675_bin.35.fa,77.71,3.63,1660151,6686
ERR4678675_bin.37.fa,82.54,5.26,1818797,2318
ERR4678675_bin.39.fa,91.51,4.91,2649516,2907
ERR4678675_bin.4.fa,93.12,5.62,2293140,12304
ERR4678675_bin.40.fa,88.84,2.32,2286597,5844
ERR4678675_bin.41.fa,82.48,3.41,2716426,9446
ERR4678675_bin.42.fa,94.53,2.6,1954783,16819
ERR4678675_bin.43.fa,72.39,0.05,1704499,5353
ERR4678675_bin.44.fa,71.89,1.9,1642877,4219
ERR4678675_bin.46.fa,63.24,1.13,994867,1956
ERR4678675_bin.47.fa,50.69,0.0,2446747,4524
ERR4678675_bin.48.fa,94.16,0.5,1886586,33840
ERR4678675_bin.51.fa,84.69,4.46,2202322,4307
ERR4678675_bin.6.fa,77.44,1.81,1491732,4705
ERR4678675_bin.8.fa,97.91,1.05,1720459,14325
ERR4682408_bin.1.fa,84.8,2.45,1862738,5290
ERR4682408_bin.10.fa,87.76,1.14,1532174,17203
ERR4682408_bin.11.fa,95.38,5.14,4667861,11269
ERR4682408_bin.13.fa,81.14,1.74,1315553,4731
ERR4682408_bin.14.fa,92.29,1.43,1685140,74293
ERR4682408_bin.16.fa,89.97,5.31,1907664,6256
ERR4682408_bin.17.fa,94.81,2.3,2571717,13391
ERR4682408_bin.18.fa,66.26,1.3,850629,3444
ERR4682408_bin.2.fa,72.43,0.0,1005194,17715
ERR4682408_bin.21.fa,63.57,0.0,636227,25059
ERR4682408_bin.22.fa,88.38,3.67,1832453,6373
ERR4682408_bin.24.fa,77.17,1.13,2091965,4014
ERR4682408_bin.26.fa,95.1,2.79,2124691,10664
ERR4682408_bin.27.fa,92.14,4.85,2040986,6365
ERR4682408_bin.28.fa,83.0,3.56,2122281,6023
ERR4682408_bin.29.fa,97.35,4.64,2723421,14866
ERR4682408_bin.3.fa,97.6,0.69,1910789,20988
ERR4682408_bin.30.fa,98.0,3.7,1701602,10271
ERR4682408_bin.31.fa,95.45,4.9,2083468,6826
ERR4682408_bin.32.fa,62.38,0.99,815942,21305
ERR4682408_bin.34.fa,87.18,1.77,1467889,4969
ERR4682408_bin.36.fa,84.99,5.94,2570996,5348
ERR4682408_bin.37.fa,97.74,3.3,1817363,17670
ERR4682408_bin.38.fa,94.13,0.66,1790098,11633
ERR4682408_bin.4.fa,75.58,3.61,1481564,4300
ERR4682408_bin.40.fa,57.02,0.88,1338718,5296
ERR4682408_bin.41.fa,88.76,4.83,2861821,9091
ERR4682408_bin.42.fa,70.64,0.92,983374,45305
ERR4682408_bin.43.fa,80.19,3.04,2028713,2703
ERR4682408_bin.45.fa,97.9,2.96,1736545,11292
ERR4682408_bin.47.fa,62.25,0.0,842888,3243
ERR4682408_bin.5.fa,70.54,0.87,1084221,6214
ERR4682408_bin.50.fa,94.27,3.23,2983898,21278
ERR4682408_bin.52.fa,88.9,2.4,2549983,15253
ERR4682408_bin.53.fa,87.36,3.14,2875177,6001
ERR4682408_bin.54.fa,65.15,0.0,560616,45704
ERR4682408_bin.55.fa,71.14,1.77,1561192,2342
ERR4682408_bin.56.fa,98.31,2.98,2797927,9075
ERR4682408_bin.57.fa,97.18,2.34,2279954,24257
ERR4682408_bin.58.fa,71.32,3.22,1803228,5113
ERR4682408_bin.59.fa,91.33,1.21,2603649,46413
ERR4682408_bin.6.fa,93.0,1.12,2415869,43174
ERR4682408_bin.60.fa,64.31,2.42,1718373,5082
ERR4682408_bin.61.fa,95.76,1.0,2184886,8246
ERR4682408_bin.62.fa,63.2,0.11,704706,73470
ERR4682408_bin.63.fa,85.76,3.09,1896472,4690
ERR4682408_bin.65.fa,56.44,1.1,657901,9112
ERR4682408_bin.66.fa,70.13,1.42,1357545,5969
ERR4682408_bin.67.fa,94.55,0.12,1960702,45882
ERR4682408_bin.68.fa,85.61,4.92,1864148,8512
ERR4682408_bin.69.fa,85.13,2.86,3258493,4962
ERR4682408_bin.7.fa,93.02,1.17,2472854,8981
ERR4682408_bin.70.fa,66.33,0.93,771176,20324
ERR4682408_bin.71.fa,66.43,2.63,1462161,2000
ERR4682408_bin.73.fa,87.25,4.93,2119976,7719
ERR4682408_bin.74.fa,95.69,2.7,1412292,8946
ERR4682408_bin.75.fa,63.74,1.06,1033516,3191
ERR4682408_bin.76.fa,73.6,2.16,1926054,8400
ERR4682408_bin.78.fa,99.92,0.1,2304872,42678
ERR4682408_bin.80.fa,94.51,2.2,2035482,12385
ERR4682408_bin.83.fa,73.7,3.28,1833433,4297
ERR4682408_bin.84.fa,73.44,0.69,1707178,3909
ERR4682408_bin.85.fa,82.2,1.77,1189090,6986
ERR4682408_bin.86.fa,88.2,5.48,2409175,7286
ERR4682408_bin.87.fa,63.17,2.24,1723769,2053
ERR4682408_bin.88.fa,83.21,3.01,2924886,13433
ERR4682408_bin.9.fa,68.84,3.1,944231,5354
ERR4682408_bin.91.fa,71.86,3.65,1448462,2976
ERR4682439_bin.1.fa,87.58,3.89,2292031,7990
ERR4682439_bin.10.fa,74.29,1.72,2112117,6335
ERR4682439_bin.13.fa,75.76,2.86,1180088,4358
ERR4682439_bin.14.fa,84.11,5.67,3344979,6813
ERR4682439_bin.16.fa,93.15,6.01,2101492,3987
ERR4682439_bin.17.fa,88.71,3.26,2083014,4016
ERR4682439_bin.18.fa,99.01,1.49,3770452,42465
ERR4682439_bin.19.fa,64.6,0.79,1171253,6727
ERR4682439_bin.2.fa,61.7,2.04,1776667,5347
ERR4682439_bin.20.fa,78.48,2.23,1795101,3265
ERR4682439_bin.21.fa,54.18,0.0,1901184,9278
ERR4682439_bin.22.fa,89.94,1.1,1739434,20607
ERR4682439_bin.23.fa,86.14,2.66,1657015,10964
ERR4682439_bin.25.fa,83.67,2.5,1612583,9243
ERR4682439_bin.26.fa,51.72,0.0,1787274,9456
ERR4682439_bin.27.fa,96.24,0.68,2320389,8297
ERR4682439_bin.29.fa,62.04,0.8,1466581,2173
ERR4682439_bin.3.fa,80.55,3.82,2090337,4926
ERR4682439_bin.30.fa,88.04,2.47,2924819,18817
ERR4682439_bin.31.fa,94.1,1.02,2809756,8943
ERR4682439_bin.33.fa,93.7,1.71,1923871,11567
ERR4682439_bin.34.fa,91.35,1.85,1445508,7497
ERR4682439_bin.35.fa,84.54,2.68,3176469,7733
ERR4682439_bin.37.fa,81.71,0.0,2641302,26533
ERR4682439_bin.38.fa,91.98,5.57,2420790,5033
ERR4682439_bin.39.fa,97.54,4.25,1708988,6201
ERR4682439_bin.4.fa,89.34,3.26,1640516,6433
ERR4682439_bin.40.fa,94.39,1.76,1904436,15159
ERR4682439_bin.42.fa,98.92,0.81,2710602,14819
ERR4682439_bin.46.fa,93.48,1.47,3653543,18502
ERR4682439_bin.49.fa,85.98,2.32,1643964,5992
ERR4682439_bin.52.fa,78.45,3.5,1645613,2922
ERR4682439_bin.7.fa,62.16,1.85,2395713,3829
ERR4682439_bin.8.fa,73.55,0.0,2309956,3110
ERR4682439_bin.9.fa,77.59,0.0,3689539,20158
ERR4682440_bin.10.fa,61.21,1.72,2194585,9390
ERR4682440_bin.11.fa,71.5,3.23,1597454,2502
ERR4682440_bin.13.fa,85.58,4.59,2069682,4258
ERR4682440_bin.14.fa,62.07,0.0,1634849,4826
ERR4682440_bin.15.fa,100.0,0.0,2093791,12950
ERR4682440_bin.16.fa,92.89,2.53,1886437,13598
ERR4682440_bin.18.fa,91.89,3.12,1845980,6920
ERR4682440_bin.2.fa,100.0,0.0,1479745,143589
ERR4682440_bin.21.fa,91.39,0.66,1763661,9167
ERR4682440_bin.23.fa,85.81,3.03,1793731,3296
ERR4682440_bin.24.fa,75.25,1.09,1395927,8927
ERR4682440_bin.26.fa,96.48,2.66,3749260,44760
ERR4682440_bin.27.fa,60.34,0.86,1699271,9927
ERR4682440_bin.28.fa,77.1,1.72,1913670,8727
ERR4682440_bin.29.fa,62.96,1.22,1167866,4408
ERR4682440_bin.3.fa,79.27,0.0,2386655,13424
ERR4682440_bin.31.fa,90.9,0.43,1792872,9203
ERR4682440_bin.32.fa,75.22,3.66,1878927,4308
ERR4682440_bin.33.fa,66.19,2.3,2113811,5658
ERR4682440_bin.34.fa,92.13,3.08,1431514,7551
ERR4682440_bin.36.fa,88.98,2.55,1502520,9978
ERR4682440_bin.4.fa,76.89,1.15,1811046,28077
ERR4682440_bin.40.fa,83.66,5.02,2128365,2778
ERR4682440_bin.5.fa,71.41,1.7,1715955,3915
ERR4682440_bin.6.fa,91.38,1.36,2095734,6499
ERR4682440_bin.9.fa,73.36,3.48,1147038,7020
ERR4682453_bin.1.fa,58.88,0.33,877345,2978
ERR4682453_bin.11.fa,72.41,2.96,1756861,5354
ERR4682453_bin.12.fa,75.0,0.0,1351767,4970
ERR4682453_bin.15.fa,84.09,2.87,2571189,6764
ERR4682453_bin.17.fa,95.42,6.7,2229895,3688
ERR4682453_bin.19.fa,88.77,3.73,2228606,4489
ERR4682453_bin.2.fa,82.26,5.18,1511137,5790
ERR4682453_bin.20.fa,83.9,2.11,1466637,8536
ERR4682453_bin.21.fa,74.36,0.41,2340552,3492
ERR4682453_bin.23.fa,66.88,2.2,1346846,2095
ERR4682453_bin.25.fa,81.66,1.99,1541090,2138
ERR4682453_bin.26.fa,70.38,2.52,2571885,3106
ERR4682453_bin.28.fa,59.01,0.71,1903294,1696
ERR4682453_bin.6.fa,94.77,1.63,2215203,9907
ERR4682467_bin.10.fa,86.53,4.56,2101488,5101
ERR4682467_bin.11.fa,88.27,1.49,1800307,9376
ERR4682467_bin.14.fa,88.59,2.54,1826898,9788
ERR4682467_bin.15.fa,99.53,1.9,3695946,49802
ERR4682467_bin.16.fa,80.61,4.31,2029403,5353
ERR4682467_bin.17.fa,83.58,2.11,2625397,4610
ERR4682467_bin.19.fa,92.66,4.9,2385026,14103
ERR4682467_bin.21.fa,82.25,0.35,1819025,8743
ERR4682467_bin.22.fa,80.51,1.46,1558291,2937
ERR4682467_bin.23.fa,76.5,3.3,2729418,8347
ERR4682467_bin.26.fa,79.56,4.11,1326452,6819
ERR4682467_bin.27.fa,78.68,4.12,1514533,2836
ERR4682467_bin.29.fa,94.94,1.35,1553137,9701
ERR4682467_bin.31.fa,81.4,0.94,1235061,5109
ERR4682467_bin.34.fa,88.7,6.67,2580856,5806
ERR4682467_bin.36.fa,82.34,4.33,1825583,6814
ERR4682467_bin.38.fa,76.43,3.52,2007023,4758
ERR4682467_bin.4.fa,80.0,1.19,2146196,6125
ERR4682467_bin.40.fa,92.99,2.16,2249731,14738
ERR4682467_bin.43.fa,58.83,0.96,1940621,3760
ERR4682467_bin.44.fa,92.55,3.23,2130775,6327
ERR4682467_bin.45.fa,81.37,2.0,1953928,3019
ERR4682467_bin.46.fa,89.21,3.39,1808712,11127
ERR4682467_bin.49.fa,97.19,7.87,1842802,8279
ERR4682467_bin.5.fa,80.0,3.82,3409038,4796
ERR4682467_bin.51.fa,72.98,0.72,2098206,4485
ERR4682467_bin.52.fa,63.35,2.34,1718023,3205
ERR4682467_bin.55.fa,73.6,4.62,1599181,2444
ERR4682467_bin.6.fa,68.86,0.61,1784353,1854
ERR4682467_bin.9.fa,59.25,1.72,1893071,5546
ERR4682780_bin.1.fa,94.76,3.59,3095853,37911
ERR4682780_bin.10.fa,74.16,1.98,3751198,6983
ERR4682780_bin.12.fa,96.97,0.0,5633678,220897
ERR4682780_bin.13.fa,91.51,3.12,1835566,18858
ERR4682780_bin.14.fa,96.96,5.52,4257744,20866
ERR4682780_bin.16.fa,89.14,1.17,3097389,5650
ERR4682780_bin.17.fa,64.67,2.11,1838524,5749
ERR4682780_bin.18.fa,79.47,2.63,1381980,7321
ERR4682780_bin.19.fa,52.54,0.0,886980,1838
ERR4682780_bin.2.fa,88.26,2.01,2391715,16458
ERR4682780_bin.21.fa,84.38,2.05,2864244,8597
ERR4682780_bin.22.fa,56.57,0.17,2152250,3743
ERR4682780_bin.23.fa,97.93,1.99,2882300,22589
ERR4682780_bin.25.fa,64.41,1.0,1657643,9765
ERR4682780_bin.27.fa,78.55,1.68,1418111,4233
ERR4682780_bin.29.fa,82.47,0.51,1785670,3367
ERR4682780_bin.3.fa,85.69,3.12,1663201,13344
ERR4682780_bin.30.fa,83.85,2.97,2296741,4399
ERR4682780_bin.32.fa,94.66,1.25,1813842,31387
ERR4682780_bin.34.fa,64.67,2.74,2618098,3604
ERR4682780_bin.35.fa,95.21,2.85,2325820,14861
ERR4682780_bin.37.fa,66.38,1.72,2145539,3330
ERR4682780_bin.38.fa,92.82,3.65,3543628,5001
ERR4682780_bin.4.fa,89.83,0.0,2033335,25099
ERR4682780_bin.40.fa,70.79,2.75,2485216,4266
ERR4682780_bin.41.fa,60.31,0.85,2320419,4479
ERR4682780_bin.42.fa,99.26,1.67,2586334,36142
ERR4682780_bin.43.fa,71.45,3.91,2540531,9821
ERR4682780_bin.44.fa,96.62,3.79,4134415,54791
ERR4682780_bin.46.fa,81.66,2.86,2501538,7797
ERR4682780_bin.47.fa,54.99,0.0,2466502,2154
ERR4682780_bin.48.fa,91.44,2.0,2988865,51753
ERR4682780_bin.5.fa,74.66,2.04,1515909,3787
ERR4682780_bin.50.fa,70.11,0.0,2158727,4161
ERR4682780_bin.51.fa,99.21,0.48,5043237,136110
ERR4682780_bin.53.fa,73.42,2.54,1605947,3735
ERR4682780_bin.54.fa,62.87,2.28,1287669,31961
ERR4682780_bin.55.fa,94.9,0.42,2627171,8585
ERR4682780_bin.56.fa,94.9,2.85,1584324,4290
ERR4682780_bin.57.fa,65.32,2.25,1611421,2568
ERR4682780_bin.58.fa,86.64,3.3,2055676,6012
ERR4682780_bin.6.fa,82.94,1.88,2586641,7630
ERR4682780_bin.61.fa,88.25,6.29,2124480,4862
ERR4682780_bin.62.fa,57.32,0.37,1504524,8334
ERR4682780_bin.63.fa,95.04,2.28,2206117,30338
ERR4682780_bin.65.fa,69.89,1.28,1977654,6355
ERR4682780_bin.66.fa,86.65,4.36,2353766,6032
ERR4682780_bin.67.fa,84.08,5.71,3862673,10219
ERR4682780_bin.7.fa,90.42,0.05,2669572,12440
ERR4682780_bin.72.fa,60.09,0.45,1451900,2072
ERR4682780_bin.8.fa,99.37,0.63,2120662,38454
ERR4682780_bin.9.fa,98.31,6.09,2285965,19521
ERR4682782_bin.11.fa,87.48,0.0,5210633,11634
ERR4682782_bin.13.fa,70.93,2.37,2472085,4196
ERR4682782_bin.15.fa,94.38,1.9,2612752,11111
ERR4682782_bin.16.fa,71.14,2.26,1804279,2144
ERR4682782_bin.17.fa,66.16,2.83,2542444,3691
ERR4682782_bin.18.fa,90.96,2.64,2218708,9075
ERR4682782_bin.19.fa,62.88,1.75,3326526,3125
ERR4682782_bin.21.fa,90.26,5.06,3490757,5669
ERR4682782_bin.23.fa,93.66,0.32,3281228,9402
ERR4682782_bin.24.fa,87.72,4.4,2478416,6052
ERR4682782_bin.25.fa,87.08,3.87,3518191,12926
ERR4682782_bin.26.fa,96.47,1.92,3023180,19067
ERR4682782_bin.27.fa,77.59,3.45,3228635,9267
ERR4682782_bin.28.fa,82.16,5.4,3551777,6838
ERR4682782_bin.29.fa,75.77,4.57,2044147,5947
ERR4682782_bin.30.fa,55.17,0.0,1868280,7809
ERR4682782_bin.31.fa,86.12,3.46,2602509,11629
ERR4682782_bin.32.fa,86.59,4.1,3133578,5777
ERR4682782_bin.33.fa,63.81,1.02,3668640,3934
ERR4682782_bin.34.fa,80.71,1.82,1901338,6531
ERR4682782_bin.36.fa,69.08,2.61,2275359,18456
ERR4682782_bin.37.fa,64.62,0.76,2080886,6296
ERR4682782_bin.39.fa,92.74,2.34,3560027,21570
ERR4682782_bin.4.fa,87.19,3.98,1901973,9809
ERR4682782_bin.40.fa,70.69,2.59,1615014,5796
ERR4682782_bin.41.fa,81.59,0.0,1546022,8831
ERR4682782_bin.43.fa,84.83,2.14,4119326,10273
ERR4682782_bin.44.fa,83.64,0.57,3342515,6663
ERR4682782_bin.47.fa,89.11,2.17,3280226,6224
ERR4682782_bin.48.fa,85.42,1.57,3103214,9198
ERR4682782_bin.5.fa,81.42,3.01,3340507,8001
ERR4682782_bin.52.fa,60.5,1.72,2950263,3720
ERR4682782_bin.54.fa,52.82,0.0,2975907,9074
ERR4682782_bin.55.fa,96.48,3.05,3826500,105633
ERR4682782_bin.56.fa,52.47,0.0,5833131,2048
ERR4682782_bin.58.fa,68.91,2.46,1357977,2267
ERR4682782_bin.6.fa,69.89,2.66,1181074,2645
ERR4682782_bin.7.fa,74.17,2.19,2938176,4310
ERR4682782_bin.8.fa,64.91,0.88,2357037,3273
ERR4682782_bin.9.fa,60.66,0.86,2408133,9432
ERR4682823_bin.1.fa,82.49,5.05,1851918,4219
ERR4682823_bin.11.fa,66.02,2.54,1678005,4357
ERR4682823_bin.12.fa,79.86,3.57,1900174,2410
ERR4682823_bin.16.fa,87.6,5.75,2544733,4186
ERR4682823_bin.17.fa,92.52,3.57,1833199,13084
ERR4682823_bin.18.fa,97.69,2.31,1691929,14969
ERR4682823_bin.20.fa,82.02,1.58,1994527,3158
ERR4682823_bin.21.fa,88.7,0.93,1535549,9059
ERR4682823_bin.22.fa,84.61,5.54,2947951,4456
ERR4682823_bin.23.fa,71.06,3.36,2153722,4898
ERR4682823_bin.24.fa,78.6,4.42,1632301,2986
ERR4682823_bin.25.fa,80.15,3.6,1666227,3178
ERR4682823_bin.26.fa,61.2,0.93,560168,8317
ERR4682823_bin.27.fa,79.06,5.17,1588043,4544
ERR4682823_bin.28.fa,82.78,5.46,2355546,3072
ERR4682823_bin.31.fa,93.68,2.7,1877624,5310
ERR4682823_bin.32.fa,64.68,1.21,1431124,2463
ERR4682823_bin.33.fa,60.03,1.96,1104382,1672
ERR4682823_bin.37.fa,81.01,6.11,2179729,3708
ERR4682823_bin.39.fa,56.71,0.73,1940744,1914
ERR4682823_bin.4.fa,91.37,1.9,1732021,6618
ERR4682823_bin.40.fa,53.45,0.0,1788057,3045
ERR4682823_bin.44.fa,81.39,2.81,1540185,5597
ERR4682823_bin.46.fa,92.75,1.02,2216790,6249
ERR4682823_bin.48.fa,88.87,5.15,1776665,7149
ERR4682823_bin.49.fa,69.34,1.55,2140570,2106
ERR4682823_bin.5.fa,92.82,6.6,2105902,10106
ERR4682823_bin.50.fa,81.39,2.01,2223229,8040
ERR4682823_bin.52.fa,88.24,0.99,1681316,6268
ERR4682823_bin.53.fa,73.16,1.98,983361,9171
ERR4682823_bin.54.fa,91.89,4.6,2038141,3482
ERR4682823_bin.7.fa,84.22,5.85,2260160,5560
ERR4682823_bin.8.fa,61.22,0.0,1124836,14316
ERR4682835_bin.1.fa,69.71,1.92,1714153,7853
ERR4682835_bin.11.fa,97.7,1.43,3849437,140546
ERR4682835_bin.12.fa,91.53,1.76,2233404,6961
ERR4682835_bin.14.fa,92.01,4.53,1837605,4931
ERR4682835_bin.17.fa,95.5,1.02,2445083,48172
ERR4682835_bin.18.fa,65.71,1.03,2443325,3603
ERR4682835_bin.19.fa,68.96,1.29,1243398,2441
ERR4682835_bin.2.fa,59.83,0.0,2484217,5420
ERR4682835_bin.21.fa,91.01,1.59,1951324,5125
ERR4682835_bin.22.fa,69.78,2.78,1879920,3364
ERR4682835_bin.26.fa,51.62,0.0,1080374,4541
ERR4682835_bin.27.fa,92.43,1.59,1825703,27989
ERR4682835_bin.28.fa,88.71,3.36,1946420,10537
ERR4682835_bin.29.fa,94.81,0.7,2105371,25418
ERR4682835_bin.3.fa,94.7,3.11,2542016,10823
ERR4682835_bin.30.fa,94.16,7.54,2730776,13905
ERR4682835_bin.31.fa,56.84,0.0,1010437,8544
ERR4682835_bin.32.fa,86.58,2.5,1444837,5923
ERR4682835_bin.33.fa,73.77,3.89,1697274,2765
ERR4682835_bin.34.fa,94.99,6.62,2177874,9754
ERR4682835_bin.35.fa,91.12,1.53,1826830,13867
ERR4682835_bin.36.fa,89.71,2.3,2166734,6166
ERR4682835_bin.37.fa,74.14,0.0,2790347,8971
ERR4682835_bin.39.fa,67.24,1.72,2376506,12215
ERR4682835_bin.4.fa,98.02,1.03,3323787,67266
ERR4682835_bin.42.fa,66.71,2.87,1832476,4138
ERR4682835_bin.44.fa,84.98,6.5,2934866,6351
ERR4682835_bin.45.fa,95.88,0.5,1748223,14897
ERR4682835_bin.46.fa,83.74,0.96,2298904,7525
ERR4682835_bin.47.fa,84.6,4.06,1962622,3307
ERR4682835_bin.48.fa,85.16,2.52,1887708,4425
ERR4682835_bin.49.fa,82.75,3.46,1643873,8520
ERR4682835_bin.5.fa,84.68,0.11,2115587,9403
ERR4682835_bin.52.fa,72.41,3.82,2480561,6156
ERR4682835_bin.53.fa,91.24,4.14,1984326,10636
ERR4682835_bin.54.fa,85.98,4.68,1622789,4597
ERR4682835_bin.59.fa,72.98,0.0,2668987,5522
ERR4682835_bin.6.fa,91.41,3.47,1904222,11118
ERR4682835_bin.61.fa,83.15,2.72,3202678,7612
ERR4682835_bin.62.fa,75.86,1.75,1393745,9752
ERR4682835_bin.63.fa,52.59,0.0,1335375,9463
ERR4682835_bin.64.fa,52.54,0.15,1446950,6087
ERR4682835_bin.65.fa,72.29,2.5,2327169,8758
ERR4682835_bin.66.fa,76.39,2.91,2187410,4980
ERR4682835_bin.68.fa,65.67,1.72,1842364,19146
ERR4682835_bin.71.fa,66.39,1.26,458715,2361
ERR4682835_bin.9.fa,97.92,1.98,3275683,9459
ERR8977345_bin.1.fa,63.28,2.27,2066214,4633
ERR8977345_bin.11.fa,96.81,0.98,2469204,36212
ERR8977345_bin.12.fa,87.71,2.5,1662975,8621
ERR8977345_bin.13.fa,86.16,3.96,1825320,9102
ERR8977345_bin.16.fa,75.1,3.02,1741402,5147
ERR8977345_bin.18.fa,80.22,5.6,1401124,1864
ERR8977345_bin.19.fa,92.59,4.49,1828694,8412
ERR8977345_bin.20.fa,88.9,5.73,1633197,7335
ERR8977345_bin.23.fa,87.57,1.79,2204772,16100
ERR8977345_bin.24.fa,99.91,1.97,1752477,15261
ERR8977345_bin.27.fa,73.45,2.36,1488266,5682
ERR8977345_bin.28.fa,91.09,3.67,2680826,5199
ERR8977345_bin.29.fa,87.46,1.63,2245262,5114
ERR8977345_bin.32.fa,88.91,3.41,2251826,3373
ERR8977345_bin.34.fa,65.35,0.36,1779900,2323
ERR8977345_bin.36.fa,59.08,0.0,1125680,1827
ERR8977345_bin.37.fa,57.21,0.0,2579806,4082
ERR8977345_bin.4.fa,67.24,2.59,2568765,6062
ERR8977345_bin.5.fa,94.94,8.47,2060729,4850
ERR8977345_bin.6.fa,92.29,0.51,1836949,16773
ERR8977345_bin.7.fa,93.01,1.08,2833455,4727
ERR8977345_bin.8.fa,80.39,3.85,1911117,7758
ERR8977360_bin.1.fa,75.59,1.6,2033950,4096
ERR8977360_bin.10.fa,86.85,2.41,2249449,5762
ERR8977360_bin.11.fa,86.1,5.3,1703489,7317
ERR8977360_bin.13.fa,87.89,4.34,1945548,8328
ERR8977360_bin.14.fa,70.42,3.74,1322970,8517
ERR8977360_bin.15.fa,83.19,4.81,2060792,5358
ERR8977360_bin.16.fa,91.04,1.46,1851989,21118
ERR8977360_bin.17.fa,81.1,2.14,1279660,2688
ERR8977360_bin.18.fa,75.29,0.31,1102857,2266
ERR8977360_bin.19.fa,84.07,1.42,1615960,5463
ERR8977360_bin.24.fa,96.36,4.49,1777618,5525
ERR8977360_bin.25.fa,79.17,1.77,1232976,5480
ERR8977360_bin.27.fa,55.91,0.29,1315072,2020
ERR8977360_bin.28.fa,68.28,2.59,2282503,5456
ERR8977360_bin.29.fa,75.16,3.21,1726127,6416
ERR8977360_bin.3.fa,84.82,1.85,1458494,6012
ERR8977360_bin.30.fa,91.1,4.66,2565765,8358
ERR8977360_bin.31.fa,86.72,3.27,2316995,6575
ERR8977360_bin.32.fa,88.91,5.21,3249700,5527
ERR8977360_bin.33.fa,70.62,1.2,1063970,2211
ERR8977360_bin.34.fa,82.49,2.94,4747518,15022
ERR8977360_bin.35.fa,97.44,0.43,2340732,33447
ERR8977360_bin.36.fa,92.34,2.4,2212352,5641
ERR8977360_bin.37.fa,69.6,3.67,1910978,2253
ERR8977360_bin.38.fa,86.04,6.8,2003542,4610
ERR8977360_bin.39.fa,68.72,2.61,2626390,3855
ERR8977360_bin.42.fa,76.72,1.98,1763328,2611
ERR8977360_bin.43.fa,74.03,4.32,1884035,3821
ERR8977360_bin.45.fa,98.81,0.79,3019590,16212
ERR8977360_bin.47.fa,62.66,0.51,1035108,1885
ERR8977360_bin.6.fa,90.61,0.81,2833500,6594
ERR8977360_bin.7.fa,76.15,5.06,1715335,8083
ERR8977360_bin.9.fa,90.88,3.28,1708177,8805
ERR8977404_bin.10.fa,89.39,4.25,2336673,7298
ERR8977404_bin.11.fa,81.5,0.0,1965743,12504
ERR8977404_bin.12.fa,90.06,4.3,2044481,10299
ERR8977404_bin.13.fa,86.27,2.26,2349232,7065
ERR8977404_bin.15.fa,73.28,0.0,1556711,7369
ERR8977404_bin.17.fa,79.73,3.24,1874079,8583
ERR8977404_bin.19.fa,73.98,3.83,3820998,3131
ERR8977404_bin.2.fa,88.74,2.15,6349836,7704
ERR8977404_bin.20.fa,93.59,3.05,9777712,14892
ERR8977404_bin.21.fa,98.08,4.22,5730224,18042
ERR8977404_bin.3.fa,94.59,2.5,1687604,13467
ERR8977404_bin.5.fa,70.64,0.0,2470492,10583
ERR8977404_bin.7.fa,86.43,3.01,2130036,7162
ERR8977404_bin.8.fa,89.64,1.27,4577196,4939
ERR8977404_bin.9.fa,87.53,1.57,2486895,5790
ERR8977421_bin.1.fa,66.53,2.11,1448034,4027
ERR8977421_bin.10.fa,92.77,2.34,1659755,6936
ERR8977421_bin.11.fa,61.09,0.18,953011,1776
ERR8977421_bin.13.fa,72.83,3.34,1628245,2504
ERR8977421_bin.14.fa,84.62,5.24,1915692,4208
ERR8977421_bin.16.fa,87.77,4.64,2984030,5590
ERR8977421_bin.17.fa,84.48,1.72,2981146,10222
ERR8977421_bin.18.fa,65.02,0.43,634615,36941
ERR8977421_bin.19.fa,88.29,4.82,1752017,10513
ERR8977421_bin.2.fa,86.66,4.85,2380928,4774
ERR8977421_bin.20.fa,71.52,2.81,2590638,5570
ERR8977421_bin.21.fa,71.34,1.05,1873014,3812
ERR8977421_bin.22.fa,94.05,1.19,3010358,13621
ERR8977421_bin.24.fa,57.52,0.69,653842,5766
ERR8977421_bin.26.fa,62.93,1.72,1472646,4099
ERR8977421_bin.27.fa,90.56,4.1,2092489,4424
ERR8977421_bin.28.fa,78.32,3.0,3213000,4805
ERR8977421_bin.29.fa,83.61,6.55,2149583,6868
ERR8977421_bin.3.fa,97.3,0.95,2464100,21783
ERR8977421_bin.30.fa,81.94,4.2,1890964,3659
ERR8977421_bin.32.fa,73.78,3.79,3784797,5881
ERR8977421_bin.34.fa,71.8,2.33,2007069,8250
ERR8977421_bin.35.fa,90.03,3.23,1839841,10787
ERR8977421_bin.4.fa,82.97,4.66,2185942,4529
ERR8977421_bin.41.fa,74.64,1.07,985856,1878
ERR8977421_bin.6.fa,87.75,3.78,2282588,3211
ERR8977421_bin.7.fa,88.26,4.27,1644991,6467
ERR8977421_bin.9.fa,70.73,2.75,1475771,5711
ERR8977433_bin.1.fa,73.31,4.22,1560862,3310
ERR8977433_bin.10.fa,74.05,4.38,2345591,8080
ERR8977433_bin.12.fa,92.79,7.62,2821347,5132
ERR8977433_bin.13.fa,94.17,1.09,1871126,21036
ERR8977433_bin.14.fa,99.36,0.0,2730990,50096
ERR8977433_bin.17.fa,90.34,2.79,2185899,4092
ERR8977433_bin.19.fa,77.95,0.69,1959095,4991
ERR8977433_bin.2.fa,97.69,4.13,3824949,105904
ERR8977433_bin.20.fa,92.54,3.97,2208960,5884
ERR8977433_bin.21.fa,57.19,0.0,753868,18739
ERR8977433_bin.22.fa,89.56,1.02,1779756,14547
ERR8977433_bin.23.fa,84.02,1.4,1640543,15083
ERR8977433_bin.24.fa,84.27,0.0,1434555,13694
ERR8977433_bin.27.fa,81.95,1.27,1494560,5571
ERR8977433_bin.28.fa,90.61,3.87,2381647,11053
ERR8977433_bin.29.fa,99.05,1.27,2016685,12436
ERR8977433_bin.32.fa,84.71,0.94,1935221,2982
ERR8977433_bin.35.fa,93.26,1.69,2008010,7984
ERR8977433_bin.37.fa,64.59,0.0,712726,30640
ERR8977433_bin.38.fa,88.62,4.21,2436315,10650
ERR8977433_bin.4.fa,69.31,2.59,3587385,6379
ERR8977433_bin.40.fa,72.78,3.74,1710843,4418
ERR8977433_bin.41.fa,93.87,1.8,2202609,10492
ERR8977433_bin.43.fa,77.29,4.33,1703936,3766
ERR8977433_bin.44.fa,97.02,0.5,2595447,29768
ERR8977433_bin.45.fa,85.3,4.18,1445566,6842
ERR8977433_bin.47.fa,67.78,2.64,1533939,6041
ERR8977433_bin.48.fa,68.15,2.35,1190706,2316
ERR8977433_bin.49.fa,95.66,1.45,1968269,14821
ERR8977433_bin.5.fa,59.04,1.72,1516180,13588
ERR8977433_bin.8.fa,65.52,0.0,1879595,5508
SRR14932479_bin.1.fa,98.96,0.99,3422963,41753
SRR14932479_bin.10.fa,97.04,1.69,2832246,9568
SRR14932479_bin.11.fa,98.66,1.02,3982584,31606
SRR14932479_bin.12.fa,82.03,3.28,3342460,7339
SRR14932479_bin.13.fa,63.73,0.82,2239741,6489
SRR14932479_bin.15.fa,60.99,0.99,805548,4108
SRR14932479_bin.19.fa,91.45,1.36,3457163,9326
SRR14932479_bin.2.fa,71.67,1.86,3389150,5917
SRR14932479_bin.20.fa,71.84,1.14,2759609,2330
SRR14932479_bin.22.fa,53.45,0.0,1859977,3165
SRR14932479_bin.23.fa,78.42,2.4,3041683,10053
SRR14932479_bin.24.fa,91.32,0.71,2756087,12346
SRR14932479_bin.27.fa,89.86,2.57,3493014,5239
SRR14932479_bin.28.fa,88.95,2.22,4000429,24630
SRR14932479_bin.3.fa,86.82,2.93,2161593,5687
SRR14932479_bin.32.fa,91.85,1.49,4976311,10803
SRR14932479_bin.33.fa,78.69,3.84,2929702,2747
SRR14932479_bin.36.fa,65.47,1.41,2051988,3479
SRR14932479_bin.4.fa,85.32,3.38,3105381,4534
SRR14932479_bin.7.fa,94.81,1.3,2496779,13796
SRR14932479_bin.8.fa,80.33,3.94,2656532,4366
SRR14932484_bin.1.fa,98.03,1.23,2805162,20350
SRR14932484_bin.12.fa,83.66,2.74,4127136,2417
SRR14932484_bin.13.fa,63.72,0.67,2301194,2141
SRR14932484_bin.14.fa,68.14,1.84,3085242,4565
SRR14932484_bin.18.fa,91.09,3.07,4147390,11329
SRR14932484_bin.19.fa,96.2,0.5,3803802,20071
SRR14932484_bin.20.fa,74.1,1.49,2624556,6893
SRR14932484_bin.21.fa,92.45,3.14,4120729,9213
SRR14932484_bin.22.fa,87.1,2.23,3355949,7217
SRR14932484_bin.24.fa,74.86,3.61,3294033,3789
SRR14932484_bin.5.fa,82.64,2.33,2370397,10107
SRR14932484_bin.6.fa,77.35,4.6,2859021,4719
SRR14932484_bin.8.fa,96.61,0.11,2925246,24061
SRR14932485_bin.1.fa,63.95,0.0,3032009,11232
SRR14932485_bin.10.fa,98.21,0.89,3292761,29829
SRR14932485_bin.11.fa,93.72,2.37,4839507,11531
SRR14932485_bin.12.fa,91.45,1.01,3063704,13375
SRR14932485_bin.13.fa,67.66,2.43,3196119,2832
SRR14932485_bin.14.fa,64.13,1.32,2655166,4179
SRR14932485_bin.15.fa,62.2,1.26,2374424,4980
SRR14932485_bin.16.fa,89.57,2.71,3579386,20419
SRR14932485_bin.17.fa,95.04,2.66,3089199,27740
SRR14932485_bin.18.fa,68.3,0.99,3665809,5562
SRR14932485_bin.19.fa,59.48,1.72,2560275,3702
SRR14932485_bin.2.fa,81.03,3.45,2721356,10812
SRR14932485_bin.20.fa,91.9,1.1,4624176,13421
SRR14932485_bin.21.fa,90.36,2.37,2606783,12278
SRR14932485_bin.22.fa,62.41,0.86,1915583,6253
SRR14932485_bin.24.fa,89.89,3.09,3136125,16700
SRR14932485_bin.26.fa,66.38,0.0,1527546,3685
SRR14932485_bin.28.fa,62.07,0.86,1878716,5897
SRR14932485_bin.3.fa,78.4,1.16,3494945,7564
SRR14932485_bin.31.fa,99.18,0.56,4057029,49324
SRR14932485_bin.32.fa,95.83,0.93,2398356,43020
SRR14932485_bin.33.fa,87.97,3.85,5094212,7542
SRR14932485_bin.34.fa,95.26,0.26,4402102,12656
SRR14932485_bin.36.fa,60.47,0.94,508185,4266
SRR14932485_bin.37.fa,62.87,0.31,606899,12082
SRR14932485_bin.40.fa,94.33,1.05,4406476,68081
SRR14932485_bin.41.fa,95.73,4.18,4059992,28407
SRR14932485_bin.43.fa,88.41,1.0,4804881,36125
SRR14932485_bin.44.fa,89.34,1.79,3927329,15564
SRR14932485_bin.45.fa,64.21,2.52,1271377,2904
SRR14932485_bin.46.fa,72.33,2.25,1179841,5519
SRR14932485_bin.47.fa,59.03,0.0,540579,3158
SRR14932485_bin.49.fa,90.6,2.7,3290973,23617
SRR14932485_bin.5.fa,84.9,2.32,3061810,5943
SRR14932485_bin.52.fa,67.73,1.12,1823366,2470
SRR14932485_bin.53.fa,64.28,2.54,2346280,4605
SRR14932485_bin.54.fa,61.1,0.86,605668,6990
SRR14932485_bin.55.fa,87.7,1.48,3819611,8381
SRR14932485_bin.56.fa,73.62,1.38,1569367,7720
SRR14932485_bin.58.fa,93.87,3.87,5459897,28340
SRR14932485_bin.59.fa,84.52,4.78,3337723,5595
SRR14932485_bin.6.fa,73.2,2.87,3079771,3978
SRR14932485_bin.60.fa,98.1,1.59,5267013,24598
SRR14932485_bin.61.fa,58.93,1.6,5172920,3027
SRR14932485_bin.62.fa,57.04,0.5,3010269,3190
SRR14932485_bin.64.fa,90.31,3.64,5033878,30678
SRR14932485_bin.65.fa,94.58,1.64,3041513,20948
SRR14932485_bin.66.fa,96.73,0.11,3226338,14056
SRR14932485_bin.67.fa,89.48,4.22,5908288,10433
SRR14932485_bin.68.fa,58.91,0.99,772226,12643
SRR14932485_bin.69.fa,80.33,4.29,2225840,7697
SRR14932485_bin.70.fa,78.76,1.25,2912060,7073
SRR14932485_bin.71.fa,87.1,1.53,2580707,14415
SRR14932485_bin.73.fa,55.07,0.0,3010658,3093
SRR14932485_bin.75.fa,52.09,0.0,383583,2980
SRR14932485_bin.76.fa,65.68,3.0,3243203,2849
SRR14932485_bin.77.fa,63.1,0.0,2613398,4314
SRR14932485_bin.78.fa,58.45,1.69,838805,6108
SRR14932485_bin.79.fa,85.68,6.44,3785495,5855
SRR14932485_bin.82.fa,50.95,0.0,703726,1862
SRR14932486_bin.1.fa,64.66,0.86,3312208,3541
SRR14932486_bin.10.fa,82.21,3.37,1930309,18038
SRR14932486_bin.11.fa,82.72,1.25,3021721,6976
SRR14932486_bin.14.fa,93.9,1.86,2749163,8343
SRR14932486_bin.15.fa,85.36,1.99,3870718,12660
SRR14932486_bin.17.fa,66.24,1.44,1123708,3502
SRR14932486_bin.18.fa,65.82,0.0,1659362,6635
SRR14932486_bin.19.fa,76.38,2.72,2416295,2979
SRR14932486_bin.20.fa,88.68,1.11,2697475,7572
SRR14932486_bin.21.fa,52.09,0.0,3272845,4425
SRR14932486_bin.23.fa,84.47,0.87,2834734,7893
SRR14932486_bin.24.fa,78.52,0.76,2932773,5362
SRR14932486_bin.25.fa,91.69,0.82,3673041,26104
SRR14932486_bin.28.fa,90.15,2.11,9279541,9008
SRR14932486_bin.3.fa,74.65,2.17,2998632,7696
SRR14932486_bin.30.fa,89.91,2.25,2546778,36330
SRR14932486_bin.34.fa,98.44,0.16,2480561,34107
SRR14932486_bin.35.fa,65.26,1.08,2471503,3060
SRR14932486_bin.36.fa,77.89,0.0,1128287,47867
SRR14932486_bin.39.fa,73.96,1.76,1943224,2780
SRR14932486_bin.42.fa,63.98,0.1,668323,5500
SRR14932486_bin.44.fa,83.99,2.33,3542093,7308
SRR14932486_bin.45.fa,94.87,4.32,3677281,19312
SRR14932486_bin.46.fa,72.26,3.51,9252761,7943
SRR14932486_bin.48.fa,63.76,1.9,2388869,6750
SRR14932486_bin.49.fa,73.32,3.85,5152393,5316
SRR14932486_bin.5.fa,74.72,2.93,3555545,4272
SRR14932486_bin.51.fa,91.63,1.54,4655527,11161
SRR14932486_bin.53.fa,79.11,4.65,4362191,4009
SRR14932486_bin.54.fa,73.1,1.21,2104814,3153
SRR14932486_bin.56.fa,78.07,2.81,3609456,4760
SRR14932486_bin.6.fa,67.82,0.0,1625537,5480
SRR14932486_bin.60.fa,60.38,1.42,1534185,2173
SRR14932486_bin.7.fa,74.1,3.82,911939,7372
SRR14932486_bin.9.fa,74.83,2.59,1426718,6142
SRR14932490_bin.13.fa,87.08,2.63,2702017,10181
SRR14932490_bin.14.fa,77.62,3.34,3279030,6851
SRR14932490_bin.15.fa,64.02,1.09,3118443,3028
SRR14932490_bin.16.fa,97.28,1.5,4261133,24351
SRR14932490_bin.17.fa,95.37,1.43,2939268,24925
SRR14932490_bin.18.fa,93.56,0.74,3204184,37131
SRR14932490_bin.19.fa,83.57,3.71,2782333,4972
SRR14932490_bin.2.fa,92.78,4.72,3841084,5341
SRR14932490_bin.22.fa,55.17,0.0,2909495,4122
SRR14932490_bin.24.fa,56.98,0.02,1961453,2727
SRR14932490_bin.26.fa,77.87,2.31,3301331,7911
SRR14932490_bin.27.fa,84.42,1.77,3487695,10259
SRR14932490_bin.28.fa,88.96,4.19,5756522,9472
SRR14932490_bin.29.fa,69.83,0.0,1049481,11894
SRR14932490_bin.3.fa,85.55,3.3,2505108,3884
SRR14932490_bin.30.fa,88.52,1.07,2607569,9622
SRR14932490_bin.31.fa,65.28,1.98,1995269,2740
SRR14932490_bin.34.fa,70.17,3.19,2203157,3139
SRR14932490_bin.35.fa,64.54,1.37,1010617,1968
SRR14932490_bin.4.fa,86.67,2.8,3079423,6758
SRR14932490_bin.5.fa,85.62,1.74,2934178,5330
SRR14932490_bin.6.fa,88.12,1.25,3510732,4742
SRR14932490_bin.7.fa,63.86,0.85,2337346,3201
SRR14932490_bin.8.fa,80.34,0.27,2633608,5658
SRR14932490_bin.9.fa,68.29,1.82,1103836,3330
SRR14932496_bin.1.fa,65.71,1.16,4119822,3607
SRR14932496_bin.10.fa,92.82,4.7,3653859,7498
SRR14932496_bin.13.fa,82.73,2.63,4164259,9133
SRR14932496_bin.14.fa,79.75,2.14,6011814,6415
SRR14932496_bin.15.fa,65.68,1.12,2703988,3796
SRR14932496_bin.17.fa,72.57,1.48,2158350,6187
SRR14932496_bin.18.fa,83.42,3.15,2549160,9531
SRR14932496_bin.19.fa,93.99,4.27,4430983,21402
SRR14932496_bin.20.fa,82.56,3.58,2967602,4541
SRR14932496_bin.22.fa,73.8,4.47,7215529,4425
SRR14932496_bin.26.fa,83.62,4.86,2209449,6350
SRR14932496_bin.28.fa,96.13,0.73,4342460,10069
SRR14932496_bin.3.fa,69.56,1.57,3176941,4498
SRR14932496_bin.31.fa,100.0,2.11,5998393,30302
SRR14932496_bin.32.fa,75.59,1.79,2740749,5686
SRR14932496_bin.33.fa,83.1,4.56,3580726,4958
SRR14932496_bin.34.fa,75.38,3.44,3830423,6430
SRR14932496_bin.36.fa,70.18,3.19,4438252,3675
SRR14932496_bin.37.fa,78.75,5.32,4122884,6664
SRR14932496_bin.38.fa,64.72,2.67,2616250,3954
SRR14932496_bin.39.fa,79.31,0.0,4154439,12349
SRR14932496_bin.4.fa,74.72,0.0,2730546,7488
SRR14932496_bin.40.fa,61.55,1.7,2718697,2246
SRR14932496_bin.41.fa,83.87,3.51,2424347,4311
SRR14932496_bin.43.fa,52.74,0.41,3519185,2525
SRR14932496_bin.44.fa,59.51,0.1,1003481,1615
SRR14932496_bin.6.fa,81.63,1.04,4728625,5816
SRR14932496_bin.7.fa,94.83,4.68,3297101,10064
SRR14932496_bin.8.fa,79.85,3.34,2943474,4412
SRR14932496_bin.9.fa,51.39,0.0,3150748,7412
SRR14932505_bin.1.fa,67.21,1.23,3241655,3270
SRR14932505_bin.10.fa,84.89,2.9,4195840,2844
SRR14932505_bin.12.fa,59.8,0.16,3432834,4346
SRR14932505_bin.13.fa,69.79,1.3,1928302,3348
SRR14932505_bin.14.fa,81.75,2.76,3188780,4113
SRR14932505_bin.15.fa,81.55,5.93,3503551,3993
SRR14932505_bin.16.fa,75.5,3.22,3099503,7420
SRR14932505_bin.18.fa,83.21,2.97,4337325,9096
SRR14932505_bin.19.fa,64.49,1.41,1497674,4888
SRR14932505_bin.2.fa,72.78,3.37,2843445,3158
SRR14932505_bin.22.fa,54.31,0.0,3796067,3911
SRR14932505_bin.25.fa,59.14,0.86,2933150,14438
SRR14932505_bin.26.fa,72.96,3.73,2566385,2262
SRR14932505_bin.3.fa,71.97,4.19,2776182,2617
SRR14932505_bin.7.fa,84.04,1.49,2775039,4323
SRR14932505_bin.8.fa,79.75,2.47,1979170,4728
SRR14932506_bin.10.fa,87.37,1.45,3234318,5304
SRR14932506_bin.14.fa,70.0,1.91,2044461,4483
SRR14932506_bin.15.fa,85.16,4.09,4373774,9933
SRR14932506_bin.16.fa,82.87,5.13,3475800,5014
SRR14932506_bin.17.fa,62.14,2.36,1277619,4596
SRR14932506_bin.18.fa,96.86,1.14,5068064,39517
SRR14932506_bin.19.fa,74.02,1.41,2062618,3670
SRR14932506_bin.21.fa,65.15,1.28,2575884,11932
SRR14932506_bin.22.fa,90.2,3.38,3532127,8347
SRR14932506_bin.23.fa,88.48,7.2,4597573,2778
SRR14932506_bin.28.fa,58.62,1.72,2104210,5114
SRR14932506_bin.29.fa,70.23,2.15,2669320,3512
SRR14932506_bin.30.fa,70.1,1.09,2571219,3187
SRR14932506_bin.31.fa,80.65,3.73,3029425,4571
SRR14932506_bin.32.fa,81.87,3.37,3881348,6186
SRR14932506_bin.8.fa,65.7,1.92,3094506,3602
SRR14932506_bin.9.fa,77.35,2.5,3647695,3325
SRR14932507_bin.1.fa,98.85,0.73,4249756,41781
SRR14932507_bin.10.fa,92.66,6.27,3818438,4277
SRR14932507_bin.11.fa,87.97,2.31,5600031,8501
SRR14932507_bin.13.fa,66.29,1.12,758104,5790
SRR14932507_bin.14.fa,99.26,1.74,4342021,27034
SRR14932507_bin.15.fa,83.79,1.6,3929741,4407
SRR14932507_bin.16.fa,57.02,0.0,3174420,2555
SRR14932507_bin.18.fa,92.44,4.49,2389279,13905
SRR14932507_bin.19.fa,86.65,2.26,2531215,6722
SRR14932507_bin.2.fa,79.57,2.96,3082885,4477
SRR14932507_bin.20.fa,75.12,3.11,3124088,5757
SRR14932507_bin.21.fa,74.66,1.77,3170600,4911
SRR14932507_bin.22.fa,63.08,0.85,706793,200183
SRR14932507_bin.23.fa,89.45,1.35,3752814,8562
SRR14932507_bin.24.fa,56.41,0.0,604610,4109
SRR14932507_bin.25.fa,61.36,2.14,2681297,5902
SRR14932507_bin.26.fa,99.01,0.99,4033971,46334
SRR14932507_bin.29.fa,76.93,2.9,2450406,3724
SRR14932507_bin.3.fa,99.12,1.83,4010156,29177
SRR14932507_bin.5.fa,60.86,2.06,1594251,1842
SRR14932507_bin.6.fa,96.51,0.32,5044044,40820
SRR14932507_bin.7.fa,96.63,1.12,2499588,20711
SRR14932507_bin.8.fa,91.74,1.25,1814911,7026
SRR14932507_bin.9.fa,69.88,0.69,2771512,11528
SRR14932508_bin.1.fa,70.1,1.67,1706763,4544
SRR14932508_bin.3.fa,69.24,2.53,2401580,3593
SRR14932508_bin.4.fa,71.52,0.24,1891974,6537
SRR14932508_bin.5.fa,58.34,1.55,1509141,3264
SRR14932515_bin.10.fa,50.71,0.0,2604368,3885
SRR14932515_bin.11.fa,74.11,0.0,520719,16195
SRR14932515_bin.12.fa,93.55,4.47,3655784,12625
SRR14932515_bin.13.fa,58.11,0.0,818417,10715
SRR14932515_bin.14.fa,87.83,3.82,2807011,6801
SRR14932515_bin.16.fa,91.15,1.61,4605548,9856
SRR14932515_bin.17.fa,88.43,2.28,3835654,8524
SRR14932515_bin.18.fa,78.4,0.9,2839636,13722
SRR14932515_bin.2.fa,83.17,2.22,3068890,21323
SRR14932515_bin.20.fa,94.76,2.17,3776811,15003
SRR14932515_bin.21.fa,71.93,1.75,2713194,5532
SRR14932515_bin.22.fa,81.83,5.77,2052731,4257
SRR14932515_bin.23.fa,62.38,0.0,1994821,3700
SRR14932515_bin.24.fa,79.75,2.22,2289729,4904
SRR14932515_bin.25.fa,72.22,1.71,2136978,6343
SRR14932515_bin.26.fa,83.84,5.4,8659818,8119
SRR14932515_bin.27.fa,76.64,1.65,2593452,3506
SRR14932515_bin.28.fa,78.52,0.33,2982367,6949
SRR14932515_bin.29.fa,59.32,0.85,899766,22930
SRR14932515_bin.30.fa,86.79,2.62,3249801,10540
SRR14932515_bin.31.fa,64.14,2.66,2323445,4081
SRR14932515_bin.33.fa,87.51,6.9,2976677,8774
SRR14932515_bin.35.fa,89.8,3.35,3391768,5301
SRR14932515_bin.37.fa,93.29,3.65,2193595,5433
SRR14932515_bin.38.fa,93.85,3.28,3244222,7421
SRR14932515_bin.39.fa,100.0,0.49,6679286,71286
SRR14932515_bin.4.fa,95.8,0.74,3434097,18375
SRR14932515_bin.40.fa,88.66,3.47,4506314,13174
SRR14932515_bin.42.fa,67.66,0.99,1120560,10929
SRR14932515_bin.43.fa,80.3,5.34,2590386,6307
SRR14932515_bin.44.fa,57.83,0.85,980561,12196
SRR14932515_bin.45.fa,78.67,3.83,3170631,5758
SRR14932515_bin.47.fa,88.23,0.74,6140517,7623
SRR14932515_bin.48.fa,88.38,0.45,3093340,11938
SRR14932515_bin.49.fa,94.56,1.47,2578160,18249
SRR14932515_bin.6.fa,89.93,2.56,2706641,10834
SRR14932515_bin.8.fa,100.0,0.48,3111659,139242
SRR14932515_bin.9.fa,99.31,0.87,3333522,30990
SRR14932520_bin.1.fa,83.04,1.88,2126416,12136
SRR14932520_bin.10.fa,86.5,4.77,3223172,3556
SRR14932520_bin.11.fa,91.82,0.91,3709521,61792
SRR14932520_bin.12.fa,64.43,2.44,2601438,2325
SRR14932520_bin.14.fa,66.35,1.92,3676368,2701
SRR14932520_bin.16.fa,95.45,6.09,4600391,9220
SRR14932520_bin.17.fa,85.45,0.91,3619709,6464
SRR14932520_bin.18.fa,89.73,1.56,5769487,6493
SRR14932520_bin.2.fa,97.04,0.74,5144110,9119
SRR14932520_bin.3.fa,94.78,3.99,3679003,6054
SRR14932520_bin.4.fa,82.72,2.25,3174083,4252
SRR14932520_bin.5.fa,63.87,1.11,3846608,2184
SRR14932520_bin.6.fa,77.87,3.27,2668362,3187
SRR14932520_bin.9.fa,76.18,1.48,2064652,3724
SRR14932523_bin.1.fa,93.75,0.87,2320996,44110
SRR14932523_bin.11.fa,80.0,0.53,2491434,6449
SRR14932523_bin.12.fa,62.13,1.89,820500,6466
SRR14932523_bin.13.fa,91.28,2.85,3769653,7320
SRR14932523_bin.14.fa,95.27,0.62,3914072,20051
SRR14932523_bin.15.fa,68.35,2.85,2413783,3563
SRR14932523_bin.16.fa,83.72,3.29,3109040,6973
SRR14932523_bin.17.fa,99.01,0.99,3901887,22723
SRR14932523_bin.18.fa,76.93,3.44,1804164,3466
SRR14932523_bin.2.fa,77.18,4.23,734209,9548
SRR14932523_bin.20.fa,72.74,2.96,2747236,3578
SRR14932523_bin.21.fa,70.69,0.0,3475887,6183
SRR14932523_bin.22.fa,71.34,0.23,1463108,3625
SRR14932523_bin.23.fa,59.29,0.0,623156,3364
SRR14932523_bin.24.fa,90.26,1.65,3267426,19263
SRR14932523_bin.25.fa,75.62,1.85,2079117,3220
SRR14932523_bin.26.fa,77.4,2.46,2657521,7359
SRR14932523_bin.27.fa,67.52,1.64,4472002,2428
SRR14932523_bin.28.fa,86.6,1.19,2061900,8159
SRR14932523_bin.29.fa,89.49,0.81,3788705,8644
SRR14932523_bin.30.fa,96.63,0.07,2725219,41201
SRR14932523_bin.31.fa,81.12,5.58,3026912,10291
SRR14932523_bin.32.fa,89.35,0.33,1794429,15198
SRR14932523_bin.33.fa,63.35,0.42,3663216,2053
SRR14932523_bin.34.fa,94.59,0.21,4091571,32995
SRR14932523_bin.35.fa,81.37,4.29,2853281,3851
SRR14932523_bin.36.fa,80.56,1.79,3347507,4901
SRR14932523_bin.38.fa,72.41,0.99,878161,20225
SRR14932523_bin.39.fa,92.95,2.06,4838070,16360
SRR14932523_bin.4.fa,97.16,0.79,3398551,59496
SRR14932523_bin.41.fa,71.55,0.0,1785062,4697
SRR14932523_bin.42.fa,83.11,2.18,4916081,3042
SRR14932523_bin.45.fa,93.63,2.46,3882211,11584
SRR14932523_bin.46.fa,88.27,3.57,2232257,8514
SRR14932523_bin.47.fa,79.58,2.93,2686050,7169
SRR14932523_bin.50.fa,71.83,2.23,2279481,5184
SRR14932523_bin.53.fa,61.33,2.02,2918647,2246
SRR14932523_bin.56.fa,56.32,0.17,1636038,2511
SRR14932523_bin.6.fa,70.52,2.97,2256683,6761
SRR14932523_bin.7.fa,75.95,1.77,2522327,3900
SRR14932523_bin.8.fa,83.43,2.56,4915838,3234
SRR14932523_bin.9.fa,75.94,1.11,3164707,2656
SRR14932524_bin.1.fa,75.09,1.37,3100586,2621
SRR14932524_bin.10.fa,73.34,1.73,2720669,3381
SRR14932524_bin.11.fa,84.23,3.37,3460524,8758
SRR14932524_bin.13.fa,63.5,2.64,2180751,2588
SRR14932524_bin.16.fa,87.85,1.85,2930909,10821
SRR14932524_bin.17.fa,79.78,3.69,2942886,4439
SRR14932524_bin.18.fa,89.39,1.77,3377725,6133
SRR14932524_bin.19.fa,95.3,2.73,2677043,13575
SRR14932524_bin.2.fa,81.5,1.79,3081814,5300
SRR14932524_bin.20.fa,92.03,0.74,4459035,24136
SRR14932524_bin.21.fa,50.95,0.0,2525751,1938
SRR14932524_bin.22.fa,67.53,2.46,3111891,3609
SRR14932524_bin.24.fa,96.37,0.87,4455588,82763
SRR14932524_bin.26.fa,82.51,2.58,2888879,8476
SRR14932524_bin.28.fa,73.38,2.89,3368563,3463
SRR14932524_bin.29.fa,94.93,1.98,3574270,17589
SRR14932524_bin.3.fa,64.06,0.16,549527,4344
SRR14932524_bin.31.fa,70.52,1.5,981848,12232
SRR14932524_bin.32.fa,68.99,2.98,7161276,2334
SRR14932524_bin.33.fa,80.27,1.25,2283049,4649
SRR14932524_bin.34.fa,86.97,1.58,3083821,44840
SRR14932524_bin.36.fa,61.54,1.76,2776744,4765
SRR14932524_bin.37.fa,82.33,4.86,7602440,7551
SRR14932524_bin.38.fa,61.83,2.04,3986382,3111
SRR14932524_bin.39.fa,91.58,0.65,3863423,8619
SRR14932524_bin.4.fa,73.39,2.53,6053084,3620
SRR14932524_bin.40.fa,72.26,0.0,1251575,9149
SRR14932524_bin.6.fa,80.58,1.57,3352793,4761
SRR14932524_bin.7.fa,91.19,2.96,3837817,10855
SRR14932524_bin.8.fa,68.89,1.48,3607121,3332
SRR14932524_bin.9.fa,78.86,1.49,5418359,4216
SRR14932525_bin.1.fa,94.34,5.53,4173018,11124
SRR14932525_bin.10.fa,90.1,1.49,3740069,48981
SRR14932525_bin.14.fa,73.04,3.84,2171277,3603
SRR14932525_bin.15.fa,82.7,2.74,5143700,9025
SRR14932525_bin.16.fa,80.85,0.41,2709528,4722
SRR14932525_bin.18.fa,96.78,1.49,5274907,25468
SRR14932525_bin.19.fa,86.01,6.86,4963136,5454
SRR14932525_bin.2.fa,88.16,3.2,2442470,4867
SRR14932525_bin.20.fa,87.4,4.45,7592394,4613
SRR14932525_bin.21.fa,65.54,2.86,3098030,2657
SRR14932525_bin.3.fa,73.84,2.89,2516677,3165
SRR14932525_bin.6.fa,92.46,1.82,4293347,6783
SRR14932525_bin.7.fa,93.35,1.94,3852849,44028
SRR14932525_bin.8.fa,65.99,2.96,3341272,3522
SRR14932525_bin.9.fa,67.69,1.67,2722605,3610
SRR14932530_bin.1.fa,78.51,3.25,2785238,4849
SRR14932530_bin.11.fa,74.16,3.33,2809743,2898
SRR14932530_bin.12.fa,84.9,4.24,7098495,4462
SRR14932530_bin.13.fa,73.06,3.37,2767430,12083
SRR14932530_bin.16.fa,97.49,2.88,4109449,14952
SRR14932530_bin.17.fa,93.1,4.07,2569147,4333
SRR14932530_bin.19.fa,67.55,0.0,2042900,12379
SRR14932530_bin.2.fa,65.62,1.9,5179381,2731
SRR14932530_bin.20.fa,62.41,1.72,1330950,5697
SRR14932530_bin.21.fa,83.11,3.66,3215907,4432
SRR14932530_bin.22.fa,77.22,3.41,3794269,5304
SRR14932530_bin.23.fa,78.19,3.73,3284319,4811
SRR14932530_bin.24.fa,75.05,3.03,3932701,4992
SRR14932530_bin.25.fa,61.47,0.71,2538961,4112
SRR14932530_bin.26.fa,93.58,4.68,3693223,15592
SRR14932530_bin.27.fa,91.17,0.9,2841651,8881
SRR14932530_bin.28.fa,68.73,2.04,1478409,3988
SRR14932530_bin.30.fa,82.59,0.95,2857677,31952
SRR14932530_bin.31.fa,62.68,2.31,2200234,2230
SRR14932530_bin.5.fa,65.52,0.69,3447528,4589
SRR14932530_bin.6.fa,72.88,2.12,2390756,3379
SRR14932530_bin.7.fa,74.18,4.66,3255465,3082
SRR14932530_bin.9.fa,51.69,0.0,1979425,4359
SRR14932531_bin.1.fa,81.16,4.9,2556195,6770
SRR14932531_bin.10.fa,85.63,4.03,3259959,3671
SRR14932531_bin.11.fa,87.9,2.54,3303614,5448
SRR14932531_bin.12.fa,88.06,2.67,2906718,6334
SRR14932531_bin.13.fa,98.3,1.26,3594482,27656
SRR14932531_bin.14.fa,89.09,3.86,3294597,7403
SRR14932531_bin.17.fa,62.87,1.72,1380529,2160
SRR14932531_bin.18.fa,83.27,5.0,3002627,4375
SRR14932531_bin.19.fa,77.94,4.01,6864538,3628
SRR14932531_bin.20.fa,77.61,2.22,2970799,6660
SRR14932531_bin.21.fa,78.52,3.75,1895743,4408
SRR14932531_bin.23.fa,69.25,2.77,2938229,2140
SRR14932531_bin.25.fa,57.67,0.85,1349333,2224
SRR14932531_bin.4.fa,80.26,3.34,4300982,4819
SRR14932531_bin.5.fa,86.9,3.05,3674018,5903
SRR14932531_bin.7.fa,97.54,0.18,2651926,15334
SRR14932531_bin.8.fa,65.55,1.14,5584742,7729
SRR14932533_bin.1.fa,66.62,0.38,1922499,5787
SRR14932533_bin.11.fa,61.67,1.11,4955960,2827
SRR14932533_bin.12.fa,62.55,1.72,2886202,5144
SRR14932533_bin.13.fa,84.63,3.94,4321050,4538
SRR14932533_bin.15.fa,89.14,3.76,3540574,8374
SRR14932533_bin.16.fa,66.48,2.68,2589455,2288
SRR14932533_bin.17.fa,96.74,2.8,3916209,12019
SRR14932533_bin.19.fa,96.8,0.02,3717442,13620
SRR14932533_bin.2.fa,68.06,0.93,952440,61559
SRR14932533_bin.21.fa,75.08,1.4,3180141,2801
SRR14932533_bin.22.fa,93.03,0.18,3338463,19227
SRR14932533_bin.23.fa,61.67,1.11,4984328,2856
SRR14932533_bin.24.fa,95.37,2.24,4948750,25153
SRR14932533_bin.25.fa,51.21,0.0,3267878,17533
SRR14932533_bin.27.fa,61.99,0.0,4495950,3991
SRR14932533_bin.28.fa,80.67,1.89,4186133,4118
SRR14932533_bin.29.fa,96.99,0.49,3710836,68833
SRR14932533_bin.3.fa,92.23,2.47,6281090,10658
SRR14932533_bin.30.fa,87.13,6.92,2622469,7286
SRR14932533_bin.31.fa,95.93,0.66,2797566,27341
SRR14932533_bin.33.fa,58.77,1.75,2811122,7043
SRR14932533_bin.34.fa,74.13,3.79,2519280,6180
SRR14932533_bin.35.fa,58.97,0.43,2189199,6702
SRR14932533_bin.36.fa,90.28,0.93,2648115,11024
SRR14932533_bin.38.fa,71.76,0.46,815124,161450
SRR14932533_bin.39.fa,52.59,0.44,1961690,2775
SRR14932533_bin.40.fa,66.48,1.26,709721,9039
SRR14932533_bin.43.fa,57.95,0.0,684873,35025
SRR14932533_bin.44.fa,81.69,2.3,2830447,4065
SRR14932533_bin.46.fa,69.3,1.75,2515337,5811
SRR14932533_bin.48.fa,59.01,1.08,2504339,1826
SRR14932533_bin.51.fa,65.28,2.76,2796090,2667
SRR14932533_bin.6.fa,88.07,0.55,3261215,6993
SRR14932533_bin.8.fa,94.84,2.04,4610362,8406
SRR14932533_bin.9.fa,94.65,1.75,4003875,22316
SRR14932541_bin.1.fa,68.93,2.02,3664966,2665
SRR14932541_bin.10.fa,97.27,1.79,3798721,25560
SRR14932541_bin.11.fa,64.8,1.07,2709968,3101
SRR14932541_bin.13.fa,82.38,3.62,3084038,5418
SRR14932541_bin.14.fa,73.12,1.07,3099456,4377
SRR14932541_bin.15.fa,81.03,0.0,1244374,4491
SRR14932541_bin.17.fa,86.07,3.72,3691639,5889
SRR14932541_bin.19.fa,87.9,0.2,2069318,6192
SRR14932541_bin.2.fa,82.8,2.4,2699445,5662
SRR14932541_bin.21.fa,72.69,1.25,2757432,3902
SRR14932541_bin.22.fa,98.51,3.82,4038704,17697
SRR14932541_bin.24.fa,86.46,6.52,4234457,5551
SRR14932541_bin.26.fa,98.03,0.0,3432061,102736
SRR14932541_bin.3.fa,61.46,1.0,4366114,2198
SRR14932541_bin.5.fa,72.16,3.14,4359768,5556
SRR14932541_bin.9.fa,82.5,4.75,3525468,5468
SRR14932549_bin.11.fa,76.25,1.08,6795259,10927
SRR14932549_bin.12.fa,65.87,1.76,4842041,3604
SRR14932549_bin.13.fa,75.89,2.33,3801225,7385
SRR14932549_bin.14.fa,85.81,1.99,2578942,7967
SRR14932549_bin.15.fa,86.94,5.07,3617621,4481
SRR14932549_bin.16.fa,91.21,5.32,5795922,45921
SRR14932549_bin.17.fa,61.49,0.34,1618115,3994
SRR14932549_bin.20.fa,95.2,0.99,3180981,39305
SRR14932549_bin.21.fa,75.59,2.72,2677226,2820
SRR14932549_bin.22.fa,67.33,1.98,913371,10844
SRR14932549_bin.26.fa,93.55,6.01,4817588,8849
SRR14932549_bin.27.fa,86.51,2.59,3516841,6296
SRR14932549_bin.29.fa,84.87,1.18,5015369,4901
SRR14932549_bin.31.fa,75.55,2.22,2708967,3987
SRR14932549_bin.34.fa,83.59,4.64,3360463,4035
SRR14932549_bin.35.fa,60.97,0.0,4603804,2726
SRR14932549_bin.37.fa,89.64,1.31,3767432,47143
SRR14932549_bin.4.fa,69.72,2.24,3930633,2142
SRR14932549_bin.6.fa,83.15,5.63,1696811,6770
SRR14932549_bin.7.fa,66.83,0.0,4455000,6310
SRR14932549_bin.8.fa,58.83,1.18,2694142,6206
SRR14932549_bin.9.fa,86.04,1.74,2273718,4641
SRR14932550_bin.1.fa,84.59,0.39,2353013,6645
SRR14932550_bin.10.fa,88.47,1.34,3251199,6068
SRR14932550_bin.11.fa,77.34,3.68,2228370,4481
SRR14932550_bin.12.fa,83.02,4.93,3519685,10641
SRR14932550_bin.13.fa,88.42,1.14,3990232,17651
SRR14932550_bin.14.fa,88.23,4.95,2897322,6246
SRR14932550_bin.15.fa,97.48,1.48,2635215,10769
SRR14932550_bin.17.fa,93.18,2.69,3478385,9571
SRR14932550_bin.19.fa,77.59,0.0,2890778,9342
SRR14932550_bin.20.fa,86.07,2.61,3245572,13488
SRR14932550_bin.21.fa,52.26,0.0,2559581,4428
SRR14932550_bin.23.fa,90.33,0.71,3135359,24803
SRR14932550_bin.25.fa,67.6,2.27,3122430,7585
SRR14932550_bin.26.fa,91.23,1.3,4174647,27740
SRR14932550_bin.27.fa,82.35,2.82,2627366,5214
SRR14932550_bin.28.fa,55.02,0.99,1945837,5840
SRR14932550_bin.29.fa,60.08,0.0,761099,6618
SRR14932550_bin.3.fa,79.49,0.45,4526043,4914
SRR14932550_bin.30.fa,84.66,1.2,5779599,6024
SRR14932550_bin.33.fa,89.47,6.72,3579515,6836
SRR14932550_bin.35.fa,95.29,1.18,5502267,10145
SRR14932550_bin.36.fa,97.03,1.72,5791085,16722
SRR14932550_bin.39.fa,88.47,2.74,4187043,7700
SRR14932550_bin.41.fa,91.67,1.7,7126243,16103
SRR14932550_bin.43.fa,95.07,3.45,3252081,12155
SRR14932550_bin.5.fa,78.32,3.3,3615875,5558
SRR14932550_bin.6.fa,81.44,2.7,3776514,10004
SRR14932550_bin.7.fa,62.44,1.75,5324951,3160
SRR14932550_bin.9.fa,90.31,1.08,4001449,8455
SRR14932552_bin.1.fa,52.59,0.0,2517813,6192
SRR14932552_bin.11.fa,62.28,1.01,4559192,4026
SRR14932552_bin.12.fa,83.81,5.89,3704544,3669
SRR14932552_bin.13.fa,95.61,8.01,5001904,20787
SRR14932552_bin.14.fa,91.73,2.64,2954925,10867
SRR14932552_bin.15.fa,90.68,1.78,2661332,16666
SRR14932552_bin.16.fa,93.69,0.89,3403132,16154
SRR14932552_bin.17.fa,75.96,1.91,3251796,9759
SRR14932552_bin.2.fa,71.12,0.77,2823981,13821
SRR14932552_bin.21.fa,67.13,1.65,2913149,4424
SRR14932552_bin.22.fa,69.37,3.7,2611159,7854
SRR14932552_bin.23.fa,97.81,0.43,3392161,113127
SRR14932552_bin.24.fa,81.87,1.22,2961531,8594
SRR14932552_bin.26.fa,77.13,4.61,3159826,3195
SRR14932552_bin.27.fa,60.34,1.72,2575961,6427
SRR14932552_bin.29.fa,88.48,5.29,2841585,5503
SRR14932552_bin.30.fa,92.11,2.74,4453039,25221
SRR14932552_bin.32.fa,82.51,1.26,5321701,11595
SRR14932552_bin.33.fa,89.06,2.9,8789978,5305
SRR14932552_bin.34.fa,63.72,0.16,2653539,4385
SRR14932552_bin.35.fa,71.87,0.86,6331781,5614
SRR14932552_bin.36.fa,82.31,4.2,2854519,5185
SRR14932552_bin.37.fa,85.49,1.41,2300261,6718
SRR14932552_bin.38.fa,74.97,0.74,3528450,3963
SRR14932552_bin.4.fa,63.37,2.48,871490,16991
SRR14932552_bin.40.fa,95.65,4.38,2427254,13826
SRR14932552_bin.42.fa,95.24,1.92,4020817,14380
SRR14932552_bin.43.fa,76.34,4.61,2024944,2660
SRR14932552_bin.44.fa,88.69,3.85,9229333,19816
SRR14932552_bin.46.fa,83.6,1.83,5519772,11531
SRR14932552_bin.49.fa,78.6,5.36,5977988,4867
SRR14932552_bin.5.fa,73.96,2.37,2587712,3685
SRR14932552_bin.6.fa,84.3,3.34,2599967,8165
SRR14932552_bin.7.fa,85.13,4.16,8519226,10266
SRR14932552_bin.8.fa,71.6,3.4,5497835,8240
SRR14932552_bin.9.fa,72.69,2.74,4975387,5179
SRR14932555_bin.10.fa,74.84,2.9,608671,5034
SRR14932555_bin.11.fa,85.26,0.89,3030496,5910
SRR14932555_bin.13.fa,82.8,2.56,5900663,4813
SRR14932555_bin.16.fa,86.32,0.85,3703701,6491
SRR14932555_bin.18.fa,82.06,4.03,6797955,5356
SRR14932555_bin.2.fa,83.42,2.75,5348737,10642
SRR14932555_bin.20.fa,90.23,4.4,3372130,8182
SRR14932555_bin.21.fa,95.0,7.27,3974246,12745
SRR14932555_bin.22.fa,82.65,3.27,3102753,4175
SRR14932555_bin.25.fa,66.78,2.56,3434992,3325
SRR14932555_bin.26.fa,69.16,2.47,1613996,2417
SRR14932555_bin.6.fa,92.99,1.24,3400726,8568
SRR14932555_bin.7.fa,76.61,1.38,8648048,6452
SRR14932555_bin.8.fa,85.47,3.73,4293045,9841
SRR14932557_bin.1.fa,85.31,1.08,3779611,10493
SRR14932557_bin.10.fa,56.39,0.69,2944685,2006
SRR14932557_bin.11.fa,59.51,0.87,1700195,3340
SRR14932557_bin.12.fa,83.59,2.43,3199567,7630
SRR14932557_bin.13.fa,82.42,3.07,3594219,4744
SRR14932557_bin.14.fa,65.73,2.59,1837937,2940
SRR14932557_bin.15.fa,95.26,0.18,3330902,61041
SRR14932557_bin.16.fa,96.47,1.18,5860350,26255
SRR14932557_bin.18.fa,83.4,1.69,2049930,5358
SRR14932557_bin.19.fa,73.21,2.87,6621645,3411
SRR14932557_bin.2.fa,91.46,3.43,5236611,9328
SRR14932557_bin.20.fa,80.15,3.47,5033673,6203
SRR14932557_bin.21.fa,95.24,0.97,3482686,23113
SRR14932557_bin.22.fa,82.6,2.94,3031195,5976
SRR14932557_bin.5.fa,84.09,3.12,2911953,3665
SRR14932557_bin.7.fa,82.35,3.28,3482039,5141
SRR14932557_bin.9.fa,70.9,3.42,4768315,6948
SRR14932560_bin.1.fa,82.41,0.1,1382609,20109
SRR14932560_bin.10.fa,94.61,1.68,2710614,18448
SRR14932560_bin.12.fa,93.55,0.87,3401414,13277
SRR14932560_bin.13.fa,92.06,2.94,3214063,10024
SRR14932560_bin.14.fa,79.96,2.29,2131373,3911
SRR14932560_bin.15.fa,97.52,2.36,9074987,12594
SRR14932560_bin.17.fa,91.03,4.51,8415422,8917
SRR14932560_bin.18.fa,61.6,0.69,2471428,3517
SRR14932560_bin.19.fa,77.0,1.5,2965273,4920
SRR14932560_bin.2.fa,64.45,0.0,847343,12659
SRR14932560_bin.20.fa,93.49,1.37,2705099,8372
SRR14932560_bin.22.fa,92.94,1.08,3867740,15673
SRR14932560_bin.23.fa,95.54,1.65,5992185,36214
SRR14932560_bin.24.fa,95.68,0.95,2200020,18483
SRR14932560_bin.25.fa,100.0,0.0,2961569,39887
SRR14932560_bin.26.fa,86.94,2.43,2751622,9318
SRR14932560_bin.27.fa,94.88,2.31,4149474,20237
SRR14932560_bin.28.fa,79.6,2.14,2690189,5783
SRR14932560_bin.29.fa,93.07,1.45,2922005,31667
SRR14932560_bin.30.fa,80.02,5.31,4370764,5525
SRR14932560_bin.31.fa,97.48,0.59,2819738,19447
SRR14932560_bin.32.fa,97.73,3.4,9143062,17124
SRR14932560_bin.33.fa,77.22,2.05,3061492,4747
SRR14932560_bin.34.fa,93.38,1.79,4312726,20471
SRR14932560_bin.37.fa,89.85,3.82,4125954,62272
SRR14932560_bin.38.fa,91.51,1.29,8249693,9408
SRR14932560_bin.39.fa,97.04,0.77,2673082,26997
SRR14932560_bin.4.fa,91.74,6.96,4181128,7903
SRR14932560_bin.40.fa,70.82,2.34,2181741,5751
SRR14932560_bin.41.fa,94.34,1.47,6832474,12585
SRR14932560_bin.42.fa,74.14,3.45,3309938,5212
SRR14932560_bin.43.fa,95.0,4.55,7925493,26735
SRR14932560_bin.44.fa,68.83,2.12,2561248,2354
SRR14932560_bin.45.fa,86.07,3.04,2501643,7379
SRR14932560_bin.46.fa,97.33,0.86,3755309,34204
SRR14932560_bin.47.fa,90.65,4.62,7188810,11314
SRR14932560_bin.49.fa,93.4,0.46,2847350,30164
SRR14932560_bin.50.fa,60.25,2.02,3011874,1983
SRR14932560_bin.53.fa,55.17,0.43,887868,4565
SRR14932560_bin.54.fa,53.0,0.0,2358448,2837
SRR14932560_bin.6.fa,77.52,1.51,2627656,7057
SRR14932560_bin.7.fa,70.79,0.5,997801,43173
SRR14932560_bin.8.fa,68.55,1.88,613555,3022
SRR14932560_bin.9.fa,87.77,0.0,5779242,6795
SRR14932561_bin.1.fa,73.48,2.66,2269109,3292
SRR14932561_bin.11.fa,60.07,0.74,2961808,4305
SRR14932561_bin.12.fa,72.41,0.0,2982730,5469
SRR14932561_bin.13.fa,78.37,4.05,2675754,3553
SRR14932561_bin.14.fa,78.83,4.69,2402389,2314
SRR14932561_bin.15.fa,93.24,7.77,5802568,14202
SRR14932561_bin.16.fa,53.96,0.62,2064534,3200
SRR14932561_bin.18.fa,96.8,2.34,2786088,16259
SRR14932561_bin.19.fa,99.05,0.98,4705720,27372
SRR14932561_bin.2.fa,79.87,1.48,2102892,2827
SRR14932561_bin.20.fa,91.34,3.59,3510787,5001
SRR14932561_bin.21.fa,59.87,1.71,2979503,2993
SRR14932561_bin.22.fa,81.11,5.83,2915735,4423
SRR14932561_bin.23.fa,66.43,0.77,1731969,2579
SRR14932561_bin.25.fa,83.37,1.99,4069356,5914
SRR14932561_bin.26.fa,66.1,0.64,3145072,2940
SRR14932561_bin.27.fa,66.72,0.0,2157109,5211
SRR14932561_bin.3.fa,77.45,0.0,4080884,3490
SRR14932561_bin.4.fa,60.08,1.69,1920193,2369
SRR14932561_bin.5.fa,93.98,6.08,11941075,20303
SRR14932561_bin.6.fa,86.19,1.54,3540827,7451
SRR14932561_bin.9.fa,79.56,0.55,3011388,6364
SRR14932562_bin.1.fa,86.33,1.82,3258425,8352
SRR14932562_bin.10.fa,76.55,2.97,3519576,5680
SRR14932562_bin.11.fa,97.95,3.02,4263636,19689
SRR14932562_bin.12.fa,83.05,1.91,2500300,4917
SRR14932562_bin.13.fa,75.72,1.9,1999849,3610
SRR14932562_bin.14.fa,66.31,0.57,2852283,3611
SRR14932562_bin.15.fa,71.24,0.0,770666,20233
SRR14932562_bin.20.fa,93.17,1.13,4305191,13003
SRR14932562_bin.21.fa,71.9,0.0,3265748,7398
SRR14932562_bin.24.fa,60.54,1.23,1703695,1987
SRR14932562_bin.26.fa,61.38,0.0,598402,6755
SRR14932562_bin.28.fa,89.11,2.58,5159974,24249
SRR14932562_bin.3.fa,86.78,1.61,3271931,5539
SRR14932562_bin.31.fa,83.19,1.02,4625021,8319
SRR14932562_bin.33.fa,77.34,3.42,3219488,3303
SRR14932562_bin.34.fa,76.28,2.09,2561909,7004
SRR14932562_bin.35.fa,94.66,2.47,3592504,14403
SRR14932562_bin.36.fa,99.95,3.16,5368862,70156
SRR14932562_bin.37.fa,88.54,1.35,3899746,11387
SRR14932562_bin.38.fa,84.54,3.62,2157342,7252
SRR14932562_bin.39.fa,91.31,2.68,3392595,21011
SRR14932562_bin.4.fa,50.84,0.0,2415264,2560
SRR14932562_bin.41.fa,66.15,2.47,1090366,3648
SRR14932562_bin.42.fa,77.24,1.72,6278491,17104
SRR14932562_bin.43.fa,74.52,2.71,3265077,2421
SRR14932562_bin.44.fa,91.01,1.19,2810618,9492
SRR14932562_bin.5.fa,88.51,2.84,2625127,82901
SRR14932562_bin.6.fa,90.05,2.26,2612066,9932
SRR14932562_bin.7.fa,98.03,1.48,3939920,21012
SRR14932562_bin.8.fa,54.87,0.57,1176782,2020
SRR14932567_bin.1.fa,94.68,0.0,4967913,7350
SRR14932567_bin.10.fa,97.54,1.85,2808396,15850
SRR14932567_bin.11.fa,86.84,4.22,10919895,5795
SRR14932567_bin.12.fa,95.03,0.88,2512504,22818
SRR14932567_bin.13.fa,91.82,3.82,5622695,18819
SRR14932567_bin.15.fa,78.0,0.25,4243157,5869
SRR14932567_bin.17.fa,93.06,0.34,3760998,9144
SRR14932567_bin.18.fa,81.44,3.46,3175831,5612
SRR14932567_bin.19.fa,81.36,4.65,4486615,9758
SRR14932567_bin.2.fa,52.59,0.0,2444570,3014
SRR14932567_bin.20.fa,77.52,0.74,2496379,3760
SRR14932567_bin.22.fa,73.15,4.4,2314430,3328
SRR14932567_bin.23.fa,70.56,2.73,5321817,2975
SRR14932567_bin.25.fa,87.44,4.65,3834180,5144
SRR14932567_bin.28.fa,62.37,0.74,2045341,3354
SRR14932567_bin.5.fa,89.09,1.82,5246004,7960
SRR14932567_bin.6.fa,74.14,0.0,3080264,6376
SRR14932567_bin.7.fa,71.28,0.69,2369868,8895
SRR14932567_bin.8.fa,91.28,2.17,3366187,11728
SRR14932568_bin.1.fa,74.79,0.0,5033987,3862
SRR14932568_bin.10.fa,87.62,0.0,1540910,69109
SRR14932568_bin.12.fa,82.01,5.32,3284589,4633
SRR14932568_bin.13.fa,62.96,0.87,1838241,2952
SRR14932568_bin.14.fa,85.78,1.19,5594531,10579
SRR14932568_bin.15.fa,79.85,1.22,8085479,7488
SRR14932568_bin.16.fa,92.31,0.85,6568100,28162
SRR14932568_bin.17.fa,83.09,4.57,3858049,5873
SRR14932568_bin.19.fa,64.55,1.36,2438266,3490
SRR14932568_bin.2.fa,79.95,2.33,1917891,4057
SRR14932568_bin.20.fa,78.48,1.27,3080038,5919
SRR14932568_bin.21.fa,61.51,1.12,653146,4915
SRR14932568_bin.22.fa,90.91,2.11,4314149,4781
SRR14932568_bin.23.fa,92.91,4.56,4180968,10829
SRR14932568_bin.24.fa,95.05,2.22,3147499,11744
SRR14932568_bin.26.fa,82.7,3.92,5008943,3367
SRR14932568_bin.27.fa,80.08,4.13,2511850,6061
SRR14932568_bin.28.fa,57.85,0.92,2385853,4717
SRR14932568_bin.31.fa,65.07,0.0,6155934,6071
SRR14932568_bin.32.fa,89.28,5.18,4057587,5972
SRR14932568_bin.33.fa,97.02,0.99,3440349,48754
SRR14932568_bin.34.fa,74.45,0.5,2751033,5297
SRR14932568_bin.35.fa,75.98,1.08,4291479,5196
SRR14932568_bin.36.fa,72.41,1.72,2399967,3817
SRR14932568_bin.37.fa,93.49,1.08,3597618,10940
SRR14932568_bin.38.fa,90.62,3.22,4998531,7452
SRR14932568_bin.39.fa,62.04,0.93,996881,4865
SRR14932568_bin.4.fa,74.15,1.36,3512808,4890
SRR14932568_bin.40.fa,79.25,4.46,4660345,8607
SRR14932568_bin.41.fa,79.45,5.49,4790518,6840
SRR14932568_bin.42.fa,96.58,0.85,3464726,56382
SRR14932568_bin.5.fa,91.46,2.27,3521064,12073
SRR14932568_bin.6.fa,93.99,1.24,3860325,12841
SRR14932568_bin.7.fa,96.67,1.19,3151953,65323
SRR14932568_bin.8.fa,54.31,0.0,2230327,7154
SRR14932575_bin.1.fa,51.72,0.0,862862,4039
SRR14932575_bin.10.fa,69.39,2.03,1233584,2124
SRR14932575_bin.13.fa,84.49,2.24,2947947,5331
SRR14932575_bin.14.fa,85.8,2.12,2880294,7520
SRR14932575_bin.15.fa,63.79,1.72,3826093,9532
SRR14932575_bin.16.fa,94.88,5.96,2752181,4855
SRR14932575_bin.17.fa,96.06,3.15,2655478,9426
SRR14932575_bin.19.fa,91.76,0.86,2343673,18028
SRR14932575_bin.2.fa,77.62,0.65,3399646,4883
SRR14932575_bin.21.fa,79.51,0.71,2583613,5598
SRR14932575_bin.22.fa,93.14,1.11,2435363,7612
SRR14932575_bin.23.fa,85.57,4.19,1964661,6334
SRR14932575_bin.24.fa,82.27,2.75,3024720,7398
SRR14932575_bin.25.fa,67.35,2.61,1660120,3361
SRR14932575_bin.26.fa,85.51,1.68,2742215,6623
SRR14932575_bin.27.fa,68.25,2.48,3076468,2762
SRR14932575_bin.28.fa,83.33,2.66,3564837,6078
SRR14932575_bin.29.fa,84.82,2.16,3519574,14049
SRR14932575_bin.3.fa,85.74,1.3,3155430,3756
SRR14932575_bin.31.fa,93.69,0.6,3177195,24852
SRR14932575_bin.32.fa,84.29,2.06,1443911,12569
SRR14932575_bin.33.fa,59.66,0.0,1183743,3824
SRR14932575_bin.34.fa,68.2,2.3,3732498,10741
SRR14932575_bin.35.fa,82.82,1.0,3701399,8106
SRR14932575_bin.36.fa,72.19,2.84,1205985,6611
SRR14932575_bin.4.fa,88.56,4.2,4623324,8507
SRR14932575_bin.41.fa,61.68,1.97,1965597,3983
SRR14932575_bin.6.fa,73.67,1.59,1748427,8139
SRR14932575_bin.8.fa,91.23,0.0,1909673,16934
SRR14932575_bin.9.fa,83.15,1.12,1207116,11869
SRR14932576_bin.1.fa,79.32,0.52,2824268,3226
SRR14932576_bin.10.fa,69.13,3.19,3199113,3348
SRR14932576_bin.11.fa,63.79,1.52,2814416,4145
SRR14932576_bin.15.fa,95.91,0.64,6132669,10760
SRR14932576_bin.17.fa,98.64,1.73,5521506,36236
SRR14932576_bin.18.fa,66.62,1.12,3237559,4220
SRR14932576_bin.2.fa,95.73,0.23,3260057,69862
SRR14932576_bin.3.fa,75.54,4.48,8428738,4645
SRR14932576_bin.4.fa,82.54,1.74,2141825,4254
SRR14932576_bin.6.fa,98.26,0.9,4604130,12179
SRR14932576_bin.7.fa,81.48,2.44,2908202,5417
SRR14932576_bin.8.fa,74.14,0.0,4080485,18969
SRR14932576_bin.9.fa,72.49,2.7,2003802,4756
SRR14932577_bin.11.fa,64.36,1.1,813403,5794
SRR14932577_bin.12.fa,69.68,2.55,2102900,2694
SRR14932577_bin.13.fa,95.91,0.0,3954814,29939
SRR14932577_bin.15.fa,79.4,1.28,3534250,3886
SRR14932577_bin.17.fa,53.45,0.26,1253349,2225
SRR14932577_bin.18.fa,97.42,0.66,3744670,52454
SRR14932577_bin.19.fa,70.71,3.97,2135047,4845
SRR14932577_bin.2.fa,91.89,1.26,4229816,18258
SRR14932577_bin.21.fa,72.41,3.45,3484779,4059
SRR14932577_bin.22.fa,80.36,4.7,3820055,3496
SRR14932577_bin.23.fa,68.06,1.85,865048,26366
SRR14932577_bin.25.fa,67.58,2.21,1728299,2842
SRR14932577_bin.26.fa,91.14,0.64,3362412,16087
SRR14932577_bin.27.fa,81.04,1.53,2727712,11052
SRR14932577_bin.29.fa,83.5,1.96,3270096,5265
SRR14932577_bin.3.fa,67.09,2.01,2403258,3382
SRR14932577_bin.30.fa,90.1,3.28,3229890,8507
SRR14932577_bin.6.fa,98.0,1.0,3503570,18096
SRR14932577_bin.8.fa,77.59,1.72,2663515,19189
SRR14932577_bin.9.fa,58.33,0.93,764259,7276
SRR14932578_bin.10.fa,73.49,1.18,2825126,4289
SRR14932578_bin.12.fa,92.31,1.18,3989451,41674
SRR14932578_bin.13.fa,98.12,1.9,3598351,98687
SRR14932578_bin.14.fa,58.97,0.0,3639871,11916
SRR14932578_bin.15.fa,66.2,2.78,952220,25212
SRR14932578_bin.16.fa,54.31,0.0,2129971,6968
SRR14932578_bin.17.fa,72.22,1.37,2646464,8518
SRR14932578_bin.18.fa,54.1,0.47,1830034,1949
SRR14932578_bin.19.fa,77.59,0.0,3165704,36280
SRR14932578_bin.2.fa,80.96,1.51,2958165,6327
SRR14932578_bin.20.fa,92.22,0.65,3076789,13147
SRR14932578_bin.25.fa,74.38,0.74,3998700,4712
SRR14932578_bin.26.fa,95.47,1.08,2594023,13271
SRR14932578_bin.28.fa,64.58,0.0,771874,8386
SRR14932578_bin.31.fa,52.55,0.0,554392,12690
SRR14932578_bin.32.fa,81.19,3.11,2676850,5847
SRR14932578_bin.33.fa,89.36,1.02,4131129,7554
SRR14932578_bin.34.fa,89.01,0.55,5224207,12317
SRR14932578_bin.35.fa,64.19,1.12,1706376,3357
SRR14932578_bin.37.fa,89.35,4.25,7902436,16711
SRR14932578_bin.39.fa,97.57,0.29,2199736,26896
SRR14932578_bin.4.fa,71.9,0.91,3870813,3337
SRR14932578_bin.41.fa,84.81,4.19,6970810,9923
SRR14932578_bin.42.fa,67.05,3.01,6254681,2945
SRR14932578_bin.43.fa,86.88,3.81,2875433,12012
SRR14932578_bin.48.fa,74.63,4.21,4824493,6546
SRR14932578_bin.5.fa,82.3,5.12,2828285,5350
SRR14932578_bin.50.fa,74.28,3.97,2674422,3410
SRR14932578_bin.7.fa,71.98,2.74,3336786,7215
SRR14932578_bin.8.fa,67.1,0.1,1003897,352224
SRR14932579_bin.1.fa,77.35,0.0,5395113,5417
SRR14932579_bin.10.fa,67.23,2.23,2060633,9001
SRR14932579_bin.11.fa,62.71,0.0,4689628,2126
SRR14932579_bin.13.fa,62.14,1.32,2627660,3902
SRR14932579_bin.14.fa,77.01,1.72,640503,9826
SRR14932579_bin.15.fa,74.32,3.55,1857847,2727
SRR14932579_bin.16.fa,72.57,2.59,2430923,8696
SRR14932579_bin.17.fa,89.04,1.71,4911182,14294
SRR14932579_bin.18.fa,70.61,0.0,1091670,13069
SRR14932579_bin.19.fa,90.32,2.38,9655983,6951
SRR14932579_bin.2.fa,81.01,0.0,548136,10458
SRR14932579_bin.20.fa,84.51,0.41,5714426,10494
SRR14932579_bin.21.fa,85.4,3.11,3863588,10130
SRR14932579_bin.22.fa,93.01,3.49,5384525,7848
SRR14932579_bin.23.fa,82.97,1.88,2463903,7381
SRR14932579_bin.25.fa,83.81,3.45,3261552,14619
SRR14932579_bin.26.fa,65.32,1.12,3057155,3111
SRR14932579_bin.27.fa,87.12,2.11,3409095,4164
SRR14932579_bin.29.fa,87.88,2.38,4202965,15156
SRR14932579_bin.30.fa,95.51,2.44,2836358,13769
SRR14932579_bin.31.fa,71.91,1.48,2656897,5152
SRR14932579_bin.32.fa,96.14,0.05,2606016,21976
SRR14932579_bin.33.fa,77.88,5.45,3564416,3896
SRR14932579_bin.34.fa,82.58,5.94,2190381,5562
SRR14932579_bin.35.fa,72.46,2.27,2769818,3312
SRR14932579_bin.36.fa,90.46,3.46,2119373,6079
SRR14932579_bin.37.fa,91.76,2.53,2170379,11561
SRR14932579_bin.38.fa,58.27,0.28,555804,5458
SRR14932579_bin.4.fa,89.37,1.91,3245784,18759
SRR14932579_bin.5.fa,86.78,5.99,2459859,2948
SRR14932579_bin.6.fa,82.35,3.94,4111314,10977
SRR14932579_bin.7.fa,78.99,2.22,6742011,4165
SRR14932579_bin.8.fa,99.19,0.0,2663804,39285
SRR14932579_bin.9.fa,90.14,1.11,3337138,22583
SRR14932580_bin.1.fa,85.73,1.84,3036722,15812
SRR14932580_bin.10.fa,72.55,4.08,6564351,2863
SRR14932580_bin.12.fa,87.45,4.58,8893925,5658
SRR14932580_bin.13.fa,79.09,3.46,3370654,3702
SRR14932580_bin.14.fa,73.63,3.44,2784319,2615
SRR14932580_bin.16.fa,73.5,2.41,2295921,4379
SRR14932580_bin.17.fa,86.86,3.92,3134802,4552
SRR14932580_bin.18.fa,76.63,2.8,1830481,2791
SRR14932580_bin.2.fa,80.49,1.17,1839074,5521
SRR14932580_bin.20.fa,89.72,5.68,2490016,3375
SRR14932580_bin.21.fa,91.05,2.55,4845044,13741
SRR14932580_bin.22.fa,84.52,2.37,2335378,9191
SRR14932580_bin.23.fa,84.9,1.51,2157420,3882
SRR14932580_bin.24.fa,66.15,2.5,3361301,7347
SRR14932580_bin.25.fa,83.43,4.35,2044305,3991
SRR14932580_bin.27.fa,81.45,2.12,6714097,5009
SRR14932580_bin.28.fa,69.12,1.23,555732,4866
SRR14932580_bin.29.fa,75.86,4.31,2327082,5921
SRR14932580_bin.3.fa,88.5,2.63,4052017,14719
SRR14932580_bin.30.fa,90.86,1.7,3386284,17679
SRR14932580_bin.31.fa,82.3,3.98,3972601,7960
SRR14932580_bin.32.fa,83.02,2.49,4654695,7470
SRR14932580_bin.34.fa,64.16,0.0,847137,8534
SRR14932580_bin.35.fa,62.94,1.6,2172346,2183
SRR14932580_bin.4.fa,90.23,1.86,2600835,13558
SRR14932580_bin.5.fa,83.42,1.64,4020183,8166
SRR14932580_bin.6.fa,78.76,1.25,3121404,15800
SRR14932580_bin.7.fa,79.24,1.57,5183041,6105
SRR14932580_bin.8.fa,59.27,0.47,966206,2568
SRR14932580_bin.9.fa,96.31,1.02,2637296,22347
SRR14932583_bin.1.fa,92.68,4.49,3738325,6277
SRR14932583_bin.10.fa,74.06,0.19,1504468,12756
SRR14932583_bin.11.fa,85.01,3.91,1968190,4552
SRR14932583_bin.12.fa,91.96,1.94,2201288,5155
SRR14932583_bin.13.fa,71.73,3.71,1968590,2435
SRR14932583_bin.14.fa,79.62,2.46,2223502,4399
SRR14932583_bin.15.fa,67.57,1.33,1231772,1953
SRR14932583_bin.16.fa,96.68,1.49,3293024,23406
SRR14932583_bin.17.fa,86.24,3.33,2767412,4370
SRR14932583_bin.18.fa,99.49,0.48,2969949,58777
SRR14932583_bin.19.fa,95.16,0.65,5580812,34623
SRR14932583_bin.2.fa,92.57,3.75,2613335,28965
SRR14932583_bin.20.fa,82.83,1.73,2966996,8197
SRR14932583_bin.21.fa,78.48,2.63,3936952,5571
SRR14932583_bin.22.fa,94.24,0.55,3438354,24728
SRR14932583_bin.23.fa,95.76,0.49,3080781,36639
SRR14932583_bin.24.fa,91.98,2.61,7373666,42587
SRR14932583_bin.25.fa,90.64,4.99,3351168,6031
SRR14932583_bin.26.fa,90.35,1.24,3210792,7999
SRR14932583_bin.27.fa,96.98,0.55,2576535,33231
SRR14932583_bin.28.fa,78.71,0.95,2202346,4530
SRR14932583_bin.29.fa,97.63,0.47,3546103,34325
SRR14932583_bin.3.fa,95.72,3.1,2436973,13475
SRR14932583_bin.30.fa,77.05,2.48,2141936,5767
SRR14932583_bin.31.fa,95.9,0.66,2929807,17875
SRR14932583_bin.32.fa,94.37,2.64,3226226,23747
SRR14932583_bin.35.fa,79.54,3.06,1843851,3190
SRR14932583_bin.36.fa,62.71,1.12,627998,8577
SRR14932583_bin.37.fa,75.21,0.0,840444,9068
SRR14932583_bin.38.fa,93.45,0.68,1514048,9296
SRR14932583_bin.39.fa,69.97,0.99,1139109,49069
SRR14932583_bin.40.fa,85.36,3.19,2865726,4663
SRR14932583_bin.41.fa,99.05,1.43,3187842,49464
SRR14932583_bin.42.fa,94.09,2.39,3171389,36860
SRR14932583_bin.43.fa,93.42,1.16,2998373,18771
SRR14932583_bin.44.fa,91.92,3.27,6967006,6602
SRR14932583_bin.45.fa,91.63,4.54,2211962,7379
SRR14932583_bin.48.fa,73.41,2.46,890569,11600
SRR14932583_bin.49.fa,87.68,3.98,2247398,10143
SRR14932583_bin.5.fa,87.21,2.97,2860297,8505
SRR14932583_bin.51.fa,91.54,2.48,2560762,8827
SRR14932583_bin.52.fa,69.04,0.0,1012188,4925
SRR14932583_bin.55.fa,65.58,1.99,2062195,8224
SRR14932583_bin.57.fa,60.83,0.85,819912,16491
SRR14932583_bin.58.fa,84.32,1.87,3304154,38357
SRR14932583_bin.59.fa,86.89,0.74,2667803,5167
SRR14932583_bin.6.fa,90.12,0.0,2453941,28807
SRR14932583_bin.60.fa,71.67,3.55,1145297,3561
SRR14932583_bin.61.fa,91.43,0.86,3153216,13424
SRR14932583_bin.64.fa,96.33,0.48,2753860,62449
SRR14932583_bin.65.fa,91.51,1.41,2670159,19794
SRR14932583_bin.66.fa,91.59,0.75,2257611,15147
SRR14932583_bin.67.fa,93.6,0.49,2338147,27146
SRR14932583_bin.68.fa,82.02,0.0,1175972,27178
SRR14932583_bin.69.fa,84.97,3.93,2838990,5305
SRR14932583_bin.7.fa,87.62,2.62,2763354,13789
SRR14932583_bin.73.fa,96.5,2.59,2635747,16566
SRR14932583_bin.74.fa,72.65,1.18,1634641,2452
SRR14932583_bin.77.fa,94.86,1.77,2456393,6175
SRR14932583_bin.78.fa,74.65,1.98,1322897,2154
SRR14932583_bin.8.fa,79.79,4.01,3714436,4776
SRR14932583_bin.80.fa,57.69,0.74,1717677,2338
SRR14932583_bin.9.fa,89.68,1.34,2274779,14178
SRR14932584_bin.1.fa,99.05,0.48,3896825,51485
SRR14932584_bin.14.fa,67.39,3.26,3217694,4099
SRR14932584_bin.15.fa,68.77,0.0,3116125,3532
SRR14932584_bin.16.fa,77.25,0.34,578453,10400
SRR14932584_bin.17.fa,81.62,3.3,1996688,3773
SRR14932584_bin.19.fa,86.04,2.48,4269246,6253
SRR14932584_bin.2.fa,84.3,0.93,2806523,3692
SRR14932584_bin.20.fa,96.39,0.99,3339819,62674
SRR14932584_bin.21.fa,82.98,2.11,3391749,11526
SRR14932584_bin.23.fa,96.79,2.97,3234592,20426
SRR14932584_bin.25.fa,91.01,2.78,2214013,3555
SRR14932584_bin.27.fa,92.72,1.11,3032708,16686
SRR14932584_bin.28.fa,57.59,0.99,1758094,3406
SRR14932584_bin.29.fa,94.05,1.14,3702594,12035
SRR14932584_bin.3.fa,88.63,1.63,2548662,9864
SRR14932584_bin.30.fa,56.52,0.0,3475867,4054
SRR14932584_bin.31.fa,80.83,0.5,3899772,8715
SRR14932584_bin.32.fa,70.6,1.88,2840722,3618
SRR14932584_bin.33.fa,76.81,1.48,2715723,3302
SRR14932584_bin.34.fa,94.33,2.59,2695228,16617
SRR14932584_bin.35.fa,96.24,0.67,3567500,17042
SRR14932584_bin.37.fa,87.72,1.9,2334568,6211
SRR14932584_bin.39.fa,75.85,3.21,3374060,5449
SRR14932584_bin.4.fa,78.3,1.42,1824797,2595
SRR14932584_bin.41.fa,89.77,3.44,3128091,13399
SRR14932584_bin.42.fa,82.34,2.58,2509297,5711
SRR14932584_bin.45.fa,64.87,2.81,2229929,2279
SRR14932584_bin.48.fa,57.76,1.09,1369775,1881
SRR14932584_bin.6.fa,84.4,3.15,2864568,6759
SRR14932584_bin.7.fa,92.64,3.47,3424211,15360
SRR14932584_bin.8.fa,97.29,1.36,3380861,15703
SRR14932584_bin.9.fa,66.57,0.93,1002872,48145
SRR14932585_bin.1.fa,73.62,0.6,2505275,9025
SRR14932585_bin.11.fa,75.74,0.0,3722879,4643
SRR14932585_bin.12.fa,80.46,2.99,3422286,3293
SRR14932585_bin.13.fa,88.58,2.14,3189485,6412
SRR14932585_bin.15.fa,88.42,2.22,3174523,5410
SRR14932585_bin.16.fa,69.54,3.37,2846692,2836
SRR14932585_bin.18.fa,93.26,3.47,3705682,7941
SRR14932585_bin.19.fa,59.82,0.0,3676104,4141
SRR14932585_bin.2.fa,66.34,0.72,1813575,3634
SRR14932585_bin.20.fa,60.31,0.0,3905662,4658
SRR14932585_bin.21.fa,78.39,4.27,8511592,4117
SRR14932585_bin.22.fa,93.94,0.74,4886433,9282
SRR14932585_bin.23.fa,59.67,0.91,1427675,1898
SRR14932585_bin.24.fa,65.31,1.9,2434534,2270
SRR14932585_bin.3.fa,68.62,2.46,3244010,2021
SRR14932585_bin.6.fa,79.95,0.65,5643680,11217
SRR14932585_bin.7.fa,96.76,5.1,4661050,23744
SRR14932585_bin.8.fa,91.97,1.71,7391848,12238
SRR14932586_bin.1.fa,83.91,3.48,5569066,4963
SRR14932586_bin.10.fa,86.57,2.81,6457044,8717
SRR14932586_bin.11.fa,88.36,3.3,4497391,8743
SRR14932586_bin.12.fa,81.03,0.86,4371798,17727
SRR14932586_bin.13.fa,93.54,1.61,4539543,10113
SRR14932586_bin.15.fa,85.04,1.71,7411977,9532
SRR14932586_bin.16.fa,90.91,2.91,5198535,7529
SRR14932586_bin.17.fa,67.72,2.94,2012349,1760
SRR14932586_bin.18.fa,90.1,3.3,4127590,23205
SRR14932586_bin.2.fa,100.0,0.24,2928793,80753
SRR14932586_bin.20.fa,83.94,1.52,5278482,14815
SRR14932586_bin.22.fa,75.72,2.22,2758106,5968
SRR14932586_bin.24.fa,86.64,2.05,3487771,9592
SRR14932586_bin.25.fa,88.37,1.79,2696763,5880
SRR14932586_bin.3.fa,74.7,0.78,3845834,2318
SRR14932586_bin.4.fa,67.62,1.72,730910,9950
SRR14932586_bin.5.fa,91.57,2.45,3961142,25567
SRR14932586_bin.6.fa,95.25,2.03,3625104,34617
SRR14932586_bin.8.fa,78.84,1.87,2636128,8043
SRR14932586_bin.9.fa,73.68,0.88,3634372,18209
SRR14932587_bin.1.fa,95.01,1.96,2827480,8160
SRR14932587_bin.11.fa,51.69,0.1,2312407,3291
SRR14932587_bin.12.fa,92.18,2.73,5214799,7377
SRR14932587_bin.13.fa,89.23,2.93,3864316,27539
SRR14932587_bin.14.fa,79.3,2.49,5199005,4437
SRR14932587_bin.15.fa,86.66,1.64,5442610,19731
SRR14932587_bin.18.fa,73.62,0.86,2938145,5903
SRR14932587_bin.19.fa,87.33,6.88,4110785,18182
SRR14932587_bin.20.fa,86.03,2.56,3631098,18749
SRR14932587_bin.22.fa,66.06,2.4,1934540,2323
SRR14932587_bin.23.fa,62.16,1.69,1516854,3624
SRR14932587_bin.25.fa,93.84,1.1,6674129,18704
SRR14932587_bin.26.fa,54.73,0.86,1843142,2738
SRR14932587_bin.27.fa,73.08,3.32,2985270,3422
SRR14932587_bin.28.fa,88.72,1.72,3425873,30309
SRR14932587_bin.29.fa,88.46,3.85,7689802,8728
SRR14932587_bin.3.fa,76.72,0.0,3385813,8673
SRR14932587_bin.30.fa,72.39,3.64,3396181,5907
SRR14932587_bin.31.fa,64.32,0.0,752700,7760
SRR14932587_bin.33.fa,91.17,2.15,4034485,15567
SRR14932587_bin.5.fa,56.99,0.89,1017503,1856
SRR14932587_bin.6.fa,90.18,2.26,4411482,19122
SRR14932587_bin.7.fa,100.0,0.0,2921957,74754
SRR14932587_bin.8.fa,90.46,1.98,4215773,11518
SRR14932587_bin.9.fa,66.1,2.14,2647345,3856
SRR14932588_bin.1.fa,72.76,1.4,2050918,2798
SRR14932588_bin.10.fa,87.54,3.61,4446486,12182
SRR14932588_bin.11.fa,92.73,4.73,5997971,6851
SRR14932588_bin.13.fa,73.78,3.41,3898901,5596
SRR14932588_bin.14.fa,83.87,1.52,3479034,22958
SRR14932588_bin.15.fa,87.18,3.59,7660145,8650
SRR14932588_bin.17.fa,68.0,2.25,835418,15284
SRR14932588_bin.18.fa,100.0,0.48,2930997,80120
SRR14932588_bin.19.fa,82.07,0.0,6795485,23594
SRR14932588_bin.2.fa,87.96,1.11,3850400,14265
SRR14932588_bin.21.fa,88.62,2.2,4403479,16012
SRR14932588_bin.22.fa,69.42,1.19,1849679,3967
SRR14932588_bin.23.fa,69.83,0.0,2967035,9013
SRR14932588_bin.24.fa,89.38,2.55,3291956,24096
SRR14932588_bin.25.fa,75.7,3.61,3669427,7000
SRR14932588_bin.26.fa,96.63,1.19,2754229,10892
SRR14932588_bin.27.fa,55.57,0.0,1282202,2970
SRR14932588_bin.28.fa,86.06,0.91,3367757,9559
SRR14932588_bin.29.fa,70.18,0.88,3366661,17163
SRR14932588_bin.3.fa,82.45,3.08,5357110,16259
SRR14932588_bin.30.fa,69.49,2.28,2896803,4029
SRR14932588_bin.31.fa,58.55,1.16,4240530,1839
SRR14932588_bin.32.fa,72.77,3.87,2635513,4297
SRR14932588_bin.5.fa,52.53,0.0,2359866,1795
SRR14932588_bin.6.fa,76.29,3.0,5315530,4751
SRR14932588_bin.7.fa,62.93,1.72,1904244,6033
SRR14932588_bin.8.fa,65.65,0.42,1152405,1920
SRR14932588_bin.9.fa,89.07,5.45,3844854,23255
SRR14932593_bin.1.fa,94.21,2.2,4182765,9635
SRR14932593_bin.10.fa,81.23,0.99,2556567,5077
SRR14932593_bin.11.fa,72.35,1.95,2344855,5056
SRR14932593_bin.12.fa,74.16,0.66,2372768,3819
SRR14932593_bin.13.fa,70.69,0.0,3095101,8285
SRR14932593_bin.14.fa,92.08,2.28,3644559,16876
SRR14932593_bin.15.fa,83.69,4.88,5933383,5963
SRR14932593_bin.16.fa,88.57,4.52,2896660,10949
SRR14932593_bin.17.fa,86.6,3.88,3221373,5638
SRR14932593_bin.18.fa,73.66,2.9,3142626,3368
SRR14932593_bin.19.fa,57.7,0.0,691813,4423
SRR14932593_bin.2.fa,98.52,0.99,3791623,31477
SRR14932593_bin.21.fa,68.77,1.83,2985350,5075
SRR14932593_bin.22.fa,79.13,1.88,1985808,3564
SRR14932593_bin.23.fa,65.02,0.0,2134353,3071
SRR14932593_bin.24.fa,93.1,5.67,3043840,17048
SRR14932593_bin.27.fa,93.01,4.9,10866860,11166
SRR14932593_bin.29.fa,89.5,1.82,2899245,15587
SRR14932593_bin.3.fa,93.59,2.09,6063018,12712
SRR14932593_bin.30.fa,85.24,6.79,3066746,6756
SRR14932593_bin.32.fa,82.49,4.75,3376895,3504
SRR14932593_bin.35.fa,68.94,3.26,2926633,2595
SRR14932593_bin.36.fa,84.75,0.45,3207345,8371
SRR14932593_bin.37.fa,82.79,1.41,2955874,5194
SRR14932593_bin.38.fa,94.72,0.57,3713879,31330
SRR14932593_bin.39.fa,80.41,1.41,3560665,4286
SRR14932593_bin.4.fa,76.48,3.98,3134769,7456
SRR14932593_bin.40.fa,81.69,3.09,3139606,4444
SRR14932593_bin.41.fa,80.76,2.47,6619851,4588
SRR14932593_bin.43.fa,80.53,0.0,3529045,8823
SRR14932593_bin.44.fa,74.03,4.07,2836917,1977
SRR14932593_bin.45.fa,76.23,4.54,2660304,8102
SRR14932593_bin.46.fa,63.15,0.91,4483723,2995
SRR14932593_bin.48.fa,82.68,1.01,2345565,5030
SRR14932593_bin.5.fa,62.25,1.8,796900,15355
SRR14932593_bin.50.fa,69.12,2.27,4300871,4411
SRR14932593_bin.51.fa,56.04,0.25,604567,2134
SRR14932593_bin.52.fa,71.01,1.43,2765534,3842
SRR14932593_bin.6.fa,92.34,1.57,2574439,12757
SRR14932593_bin.7.fa,72.67,2.07,1897795,2670
SRR14932593_bin.8.fa,87.12,2.76,3624204,27049
SRR14932593_bin.9.fa,97.01,2.21,4785065,19519
SRR14932594_bin.1.fa,89.36,2.69,2037271,25273
SRR14932594_bin.10.fa,98.68,0.0,1282017,119913
SRR14932594_bin.11.fa,52.7,0.0,1590095,4649
SRR14932594_bin.12.fa,92.4,3.41,3111911,47067
SRR14932594_bin.13.fa,86.88,3.01,3608730,10977
SRR14932594_bin.14.fa,69.53,3.3,3804149,3461
SRR14932594_bin.15.fa,99.27,2.11,3169631,12503
SRR14932594_bin.16.fa,61.77,0.0,3636574,1940
SRR14932594_bin.17.fa,83.92,2.79,2706700,5651
SRR14932594_bin.18.fa,96.34,2.07,3745559,50292
SRR14932594_bin.19.fa,59.4,0.16,2289115,2904
SRR14932594_bin.2.fa,84.19,5.24,2928921,14748
SRR14932594_bin.22.fa,83.25,4.05,3012731,10233
SRR14932594_bin.23.fa,98.71,0.65,2226175,117173
SRR14932594_bin.24.fa,90.22,1.81,2623131,11598
SRR14932594_bin.25.fa,89.99,1.61,2234610,6964
SRR14932594_bin.26.fa,68.67,0.81,2537352,5830
SRR14932594_bin.27.fa,67.9,1.61,1738827,3043
SRR14932594_bin.28.fa,82.07,4.25,2935708,6354
SRR14932594_bin.29.fa,87.44,0.57,1461053,18648
SRR14932594_bin.3.fa,76.1,0.35,2575667,2517
SRR14932594_bin.30.fa,83.49,2.25,4331908,5015
SRR14932594_bin.32.fa,86.0,3.05,2466152,7226
SRR14932594_bin.33.fa,54.16,0.0,1018448,1914
SRR14932594_bin.4.fa,95.97,2.42,4363361,30958
SRR14932594_bin.5.fa,78.17,3.27,3690571,7236
SRR14932594_bin.6.fa,92.05,1.81,2789970,7896
SRR14932594_bin.8.fa,92.97,4.22,2181151,21433
SRR14932594_bin.9.fa,87.33,1.78,1210337,8464
SRR14932595_bin.1.fa,69.46,2.1,2906864,3719
SRR14932595_bin.10.fa,97.7,0.72,3273379,22478
SRR14932595_bin.11.fa,94.72,0.75,3777362,31331
SRR14932595_bin.12.fa,54.24,0.0,733464,39311
SRR14932595_bin.13.fa,98.97,0.69,4604705,46651
SRR14932595_bin.14.fa,93.39,2.6,7866698,8012
SRR14932595_bin.16.fa,96.55,0.52,2776557,18107
SRR14932595_bin.17.fa,87.2,3.33,2778881,11867
SRR14932595_bin.18.fa,89.13,0.24,3211332,9496
SRR14932595_bin.19.fa,94.03,1.44,3282850,14431
SRR14932595_bin.2.fa,66.01,1.47,5623076,2210
SRR14932595_bin.21.fa,77.74,5.13,2650894,3848
SRR14932595_bin.22.fa,54.13,0.76,1872430,4665
SRR14932595_bin.23.fa,87.11,1.33,2310726,19251
SRR14932595_bin.24.fa,98.81,0.3,4476906,143925
SRR14932595_bin.25.fa,98.29,1.28,4055175,14448
SRR14932595_bin.26.fa,96.29,9.14,3402812,15528
SRR14932595_bin.27.fa,86.05,0.5,4772504,8449
SRR14932595_bin.28.fa,85.57,3.69,1997408,9592
SRR14932595_bin.29.fa,84.65,0.99,3573073,15607
SRR14932595_bin.31.fa,82.61,2.13,3876482,12756
SRR14932595_bin.32.fa,82.13,1.88,3701073,3824
SRR14932595_bin.33.fa,80.99,1.72,2864422,34184
SRR14932595_bin.34.fa,70.48,1.7,2594126,6112
SRR14932595_bin.38.fa,63.55,2.11,1568005,2397
SRR14932595_bin.4.fa,80.27,2.49,3206756,4623
SRR14932595_bin.40.fa,61.14,1.9,2277513,2673
SRR14932595_bin.41.fa,67.39,1.24,3939485,2245
SRR14932595_bin.6.fa,73.18,3.63,2611958,3220
SRR14932595_bin.7.fa,92.59,0.02,2742026,22268
SRR14932595_bin.8.fa,82.08,1.64,3502673,4624
SRR14932596_bin.1.fa,87.75,0.1,1026244,9046
SRR14932596_bin.10.fa,91.63,2.13,8830049,10128
SRR14932596_bin.11.fa,55.92,0.0,736021,14987
SRR14932596_bin.12.fa,86.54,1.46,3114407,6958
SRR14932596_bin.15.fa,75.86,3.45,3256790,5828
SRR14932596_bin.17.fa,88.81,1.12,3680019,8077
SRR14932596_bin.19.fa,89.79,5.26,2950590,7041
SRR14932596_bin.2.fa,93.01,3.79,8771115,7949
SRR14932596_bin.20.fa,77.02,1.01,1803462,7626
SRR14932596_bin.21.fa,98.2,0.89,2924942,58997
SRR14932596_bin.22.fa,86.45,4.81,2364980,5068
SRR14932596_bin.24.fa,68.03,2.75,2398339,4198
SRR14932596_bin.25.fa,77.69,1.7,2705857,7542
SRR14932596_bin.27.fa,74.71,0.0,896939,6444
SRR14932596_bin.3.fa,72.02,1.89,1972094,2643
SRR14932596_bin.32.fa,95.97,2.42,3821911,25124
SRR14932596_bin.33.fa,70.63,3.77,2011841,4046
SRR14932596_bin.34.fa,86.69,1.85,2786151,9603
SRR14932596_bin.35.fa,86.97,3.01,3016610,8358
SRR14932596_bin.36.fa,82.76,3.4,2752948,7348
SRR14932596_bin.37.fa,68.7,3.4,4730010,2592
SRR14932596_bin.38.fa,74.28,3.38,2737281,2973
SRR14932596_bin.39.fa,54.48,0.0,2086187,2987
SRR14932596_bin.4.fa,80.98,1.04,2644677,4942
SRR14932596_bin.40.fa,82.16,6.28,2007756,7550
SRR14932596_bin.42.fa,56.84,1.04,639757,10254
SRR14932596_bin.43.fa,80.6,2.44,1992472,2908
SRR14932596_bin.44.fa,83.93,1.05,3461423,6032
SRR14932596_bin.45.fa,98.02,3.14,3723586,45912
SRR14932596_bin.46.fa,92.93,5.13,2590642,7933
SRR14932596_bin.47.fa,53.49,0.0,1963749,2336
SRR14932596_bin.48.fa,65.51,1.19,2591557,3527
SRR14932596_bin.5.fa,90.16,2.79,3125933,8521
SRR14932596_bin.6.fa,91.65,1.49,4198822,7269
SRR14932596_bin.7.fa,81.03,2.14,4664128,4650
SRR14932596_bin.8.fa,93.35,5.45,3700681,14464
SRR14932596_bin.9.fa,68.6,3.11,4751888,4015
SRR14932597_bin.1.fa,95.51,3.3,3066012,16292
SRR14932597_bin.10.fa,87.85,4.65,5233530,6649
SRR14932597_bin.11.fa,97.14,1.21,3690022,21931
SRR14932597_bin.12.fa,74.88,3.9,3092851,3328
SRR14932597_bin.13.fa,83.29,5.24,3334795,4409
SRR14932597_bin.15.fa,97.28,2.1,3558688,23851
SRR14932597_bin.16.fa,85.56,0.5,2642076,6220
SRR14932597_bin.17.fa,62.18,1.69,2581953,2161
SRR14932597_bin.19.fa,80.67,1.25,3431636,3467
SRR14932597_bin.2.fa,70.3,1.43,2318306,3419
SRR14932597_bin.21.fa,73.4,1.36,3682144,3172
SRR14932597_bin.24.fa,87.08,0.93,2780401,10329
SRR14932597_bin.25.fa,88.46,1.71,1807644,80826
SRR14932597_bin.26.fa,92.05,2.63,3140005,9817
SRR14932597_bin.29.fa,59.66,0.0,2796875,4794
SRR14932597_bin.3.fa,70.69,0.0,3017230,16913
SRR14932597_bin.30.fa,76.32,0.0,3328130,7526
SRR14932597_bin.5.fa,100.0,0.0,5609746,23581
SRR14932597_bin.6.fa,72.04,1.44,2743595,3048
SRR14932597_bin.7.fa,78.53,4.68,2638141,3973
SRR14932597_bin.8.fa,98.44,0.12,2717571,53411
SRR14932604_bin.1.fa,70.64,2.19,2897264,7069
SRR14932604_bin.10.fa,96.0,5.49,1917767,25752
SRR14932604_bin.11.fa,65.81,2.84,1987360,2460
SRR14932604_bin.12.fa,74.94,2.78,2424185,3660
SRR14932604_bin.13.fa,73.45,2.2,1914686,5122
SRR14932604_bin.14.fa,81.23,0.44,1313482,27810
SRR14932604_bin.15.fa,60.58,0.0,969843,19056
SRR14932604_bin.16.fa,54.81,0.0,3254686,3037
SRR14932604_bin.17.fa,86.84,3.3,2161451,7578
SRR14932604_bin.18.fa,88.99,1.65,1898101,6485
SRR14932604_bin.19.fa,98.88,1.12,1305166,45595
SRR14932604_bin.2.fa,53.45,0.0,2008865,4316
SRR14932604_bin.20.fa,91.05,2.73,3129828,26011
SRR14932604_bin.21.fa,60.91,1.72,898018,2682
SRR14932604_bin.22.fa,74.29,0.81,2906641,3991
SRR14932604_bin.23.fa,91.64,1.09,2597006,10138
SRR14932604_bin.24.fa,76.67,0.0,2119015,5045
SRR14932604_bin.26.fa,74.94,3.41,1397578,2218
SRR14932604_bin.27.fa,95.97,1.38,3698974,56998
SRR14932604_bin.28.fa,79.9,1.24,1226989,10457
SRR14932604_bin.30.fa,87.18,2.2,4091727,12624
SRR14932604_bin.31.fa,68.31,0.29,970398,8755
SRR14932604_bin.34.fa,95.43,2.69,4302149,32688
SRR14932604_bin.35.fa,72.22,3.12,1276025,2121
SRR14932604_bin.36.fa,85.62,2.0,2466303,8429
SRR14932604_bin.37.fa,63.82,0.67,993943,2884
SRR14932604_bin.38.fa,81.64,1.72,2425604,3999
SRR14932604_bin.4.fa,77.49,0.0,1065868,11017
SRR14932604_bin.40.fa,55.55,0.68,1106755,2413
SRR14932604_bin.41.fa,66.68,1.42,2145771,2159
SRR14932604_bin.6.fa,64.81,0.32,2152490,2093
SRR14932604_bin.7.fa,100.0,0.0,2169236,70281
SRR14932604_bin.9.fa,90.44,3.23,2074085,34936
SRR14932609_bin.10.fa,71.55,4.15,2319304,2996
SRR14932609_bin.11.fa,93.87,4.75,13076025,26564
SRR14932609_bin.12.fa,69.35,0.49,2951560,5029
SRR14932609_bin.14.fa,65.69,1.6,1424771,2136
SRR14932609_bin.15.fa,90.84,0.0,910232,10266
SRR14932609_bin.17.fa,90.68,1.19,3676873,6366
SRR14932609_bin.18.fa,93.78,1.7,3842468,13166
SRR14932609_bin.19.fa,61.56,1.75,4242872,4418
SRR14932609_bin.2.fa,83.18,3.93,7813291,11497
SRR14932609_bin.20.fa,86.32,3.85,3725813,15626
SRR14932609_bin.21.fa,61.06,1.43,2694326,3426
SRR14932609_bin.22.fa,88.87,4.33,2775578,21078
SRR14932609_bin.23.fa,92.12,1.56,4425067,13717
SRR14932609_bin.24.fa,95.24,0.98,3691092,28149
SRR14932609_bin.25.fa,83.87,1.28,1448295,9154
SRR14932609_bin.26.fa,75.35,2.75,2388383,6476
SRR14932609_bin.27.fa,77.59,0.0,3032784,9333
SRR14932609_bin.28.fa,68.97,1.72,3193871,7093
SRR14932609_bin.29.fa,61.35,1.88,870392,20258
SRR14932609_bin.30.fa,63.8,2.71,3259568,5105
SRR14932609_bin.32.fa,60.37,0.32,1183150,17555
SRR14932609_bin.33.fa,55.34,0.0,3359441,4567
SRR14932609_bin.34.fa,69.02,3.28,2808415,7010
SRR14932609_bin.36.fa,58.33,0.0,649391,163364
SRR14932609_bin.39.fa,81.85,1.87,2786944,13726
SRR14932609_bin.40.fa,98.48,0.0,3786393,40146
SRR14932609_bin.41.fa,53.94,0.26,2242801,16933
SRR14932609_bin.42.fa,92.31,3.92,7357506,12680
SRR14932609_bin.43.fa,85.92,1.11,3884545,5067
SRR14932609_bin.44.fa,60.34,0.0,2158646,15509
SRR14932609_bin.45.fa,87.09,1.85,3072843,7994
SRR14932609_bin.46.fa,94.91,1.85,2305619,79237
SRR14932609_bin.47.fa,73.61,2.78,1109036,152918
SRR14932609_bin.48.fa,88.35,1.82,3918974,7351
SRR14932609_bin.50.fa,87.18,3.7,3616053,7271
SRR14932609_bin.51.fa,83.88,1.07,3027662,13999
SRR14932609_bin.52.fa,65.53,0.86,2276488,9465
SRR14932609_bin.53.fa,98.45,0.48,3753701,89685
SRR14932609_bin.54.fa,90.13,0.74,2708167,8921
SRR14932609_bin.55.fa,60.69,0.0,4346868,2434
SRR14932609_bin.57.fa,58.62,1.72,4399288,4570
SRR14932609_bin.59.fa,56.03,0.0,2704978,14701
SRR14932609_bin.6.fa,83.24,5.04,3721774,5860
SRR14932609_bin.60.fa,79.26,3.18,3123797,11701
SRR14932609_bin.61.fa,93.41,3.52,3997759,32724
SRR14932609_bin.62.fa,62.23,0.0,2031924,4004
SRR14932609_bin.64.fa,82.82,6.0,3836327,11736
SRR14932609_bin.66.fa,66.52,1.68,1942369,2759
SRR14932609_bin.67.fa,91.17,1.55,5118998,11960
SRR14932609_bin.7.fa,58.78,0.31,1906995,1986
SRR14932609_bin.70.fa,88.28,3.33,4018329,7517
SRR14932609_bin.71.fa,75.73,0.0,2618067,9609
SRR14932609_bin.72.fa,96.76,2.73,4540049,55893
SRR14932609_bin.75.fa,54.19,0.74,1077538,21759
SRR14932609_bin.77.fa,93.16,5.73,7328143,15054
SRR14932609_bin.79.fa,87.87,1.67,4757006,7778
SRR14932609_bin.80.fa,61.89,0.85,875370,55058
SRR14932609_bin.81.fa,70.3,0.0,898131,31969
SRR14932609_bin.82.fa,96.97,2.73,6523021,32503
SRR14932609_bin.83.fa,84.93,3.15,3386390,10377
SRR14932609_bin.84.fa,61.88,0.0,597749,28882
SRR14932609_bin.85.fa,81.36,1.78,3530989,3651
SRR14932609_bin.86.fa,64.85,0.0,1091096,111296
SRR14932609_bin.87.fa,76.04,3.75,5097896,19261
SRR14932609_bin.88.fa,85.47,1.74,2265061,19221
SRR14932609_bin.89.fa,79.35,2.26,3400528,13723
SRR14932609_bin.9.fa,90.9,5.98,4609728,14104
SRR14932609_bin.93.fa,58.48,0.99,2868710,2490
SRR14932610_bin.1.fa,62.54,1.23,2112368,2947
SRR14932610_bin.10.fa,89.18,1.64,4112716,15321
SRR14932610_bin.12.fa,95.57,0.64,2879632,23672
SRR14932610_bin.13.fa,75.86,1.46,2882188,4318
SRR14932610_bin.14.fa,77.73,2.55,2235940,2881
SRR14932610_bin.2.fa,92.02,4.6,3502982,13632
SRR14932610_bin.3.fa,74.9,3.43,2492493,8430
SRR14932610_bin.4.fa,90.87,3.07,3647332,8346
SRR14932610_bin.5.fa,98.6,0.34,2506169,49117
SRR14932610_bin.6.fa,90.23,3.98,3307536,8081
SRR14932610_bin.8.fa,62.07,2.41,1349014,2103
SRR14932611_bin.10.fa,95.04,0.47,5867524,18370
SRR14932611_bin.11.fa,82.27,2.27,5977391,6712
SRR14932611_bin.13.fa,74.71,0.33,2189386,3897
SRR14932611_bin.14.fa,88.86,2.97,3160253,8568
SRR14932611_bin.15.fa,85.02,0.39,1962208,3526
SRR14932611_bin.16.fa,67.89,1.3,2537795,5871
SRR14932611_bin.18.fa,75.88,1.72,1983760,3281
SRR14932611_bin.2.fa,64.52,0.11,830320,19091
SRR14932611_bin.3.fa,83.78,3.68,3104686,3945
SRR14932611_bin.4.fa,88.18,1.63,3560637,11235
SRR14932611_bin.5.fa,74.05,3.02,3250496,5120
SRR14932611_bin.6.fa,80.49,5.27,2992897,5955
SRR14932611_bin.7.fa,74.56,3.18,2953070,5561
SRR14932611_bin.8.fa,93.78,1.82,3388694,21525
SRR14932611_bin.9.fa,78.87,4.19,3287033,3653
SRR14932612_bin.1.fa,65.79,0.0,854082,7527
SRR14932612_bin.10.fa,95.78,2.6,2494438,14975
SRR14932612_bin.11.fa,87.45,2.64,2876252,15455
SRR14932612_bin.12.fa,86.3,0.87,1641956,30274
SRR14932612_bin.13.fa,93.22,3.93,3128401,7322
SRR14932612_bin.14.fa,66.71,0.57,1719453,6064
SRR14932612_bin.15.fa,93.22,1.48,3360092,42409
SRR14932612_bin.16.fa,73.12,3.58,2870880,5772
SRR14932612_bin.18.fa,74.48,3.45,4430453,3944
SRR14932612_bin.19.fa,80.89,2.68,1950574,6382
SRR14932612_bin.2.fa,88.32,2.68,7481818,11816
SRR14932612_bin.20.fa,77.96,0.39,3111960,4328
SRR14932612_bin.21.fa,59.48,0.0,3267553,8052
SRR14932612_bin.24.fa,90.45,5.22,6946157,5549
SRR14932612_bin.25.fa,94.92,1.79,3267221,14701
SRR14932612_bin.26.fa,65.14,1.82,2509286,3280
SRR14932612_bin.27.fa,86.64,4.12,3451486,12115
SRR14932612_bin.28.fa,79.78,0.0,1122060,13523
SRR14932612_bin.29.fa,90.16,1.72,2445836,9596
SRR14932612_bin.3.fa,68.47,1.72,521303,7914
SRR14932612_bin.30.fa,81.13,1.72,2509195,10433
SRR14932612_bin.34.fa,75.22,4.93,2583317,3049
SRR14932612_bin.35.fa,64.96,0.85,971945,21115
SRR14932612_bin.37.fa,93.39,2.31,4628116,17471
SRR14932612_bin.38.fa,66.73,0.0,867913,20167
SRR14932612_bin.39.fa,90.6,5.35,4663977,7938
SRR14932612_bin.4.fa,72.54,0.91,1439056,6187
SRR14932612_bin.40.fa,69.92,0.0,742119,37950
SRR14932612_bin.41.fa,85.0,3.65,3023637,6816
SRR14932612_bin.42.fa,85.08,4.27,2783823,5589
SRR14932612_bin.43.fa,54.73,0.0,449477,6542
SRR14932612_bin.44.fa,90.38,1.47,3150018,13751
SRR14932612_bin.45.fa,66.18,0.0,6767726,8476
SRR14932612_bin.46.fa,80.89,1.98,4185625,4992
SRR14932612_bin.47.fa,93.49,2.29,2220994,6900
SRR14932612_bin.5.fa,94.73,1.54,2452952,27303
SRR14932612_bin.50.fa,93.04,5.46,3540455,12968
SRR14932612_bin.51.fa,98.25,0.95,3123462,38251
SRR14932612_bin.53.fa,99.48,0.74,3438977,26116
SRR14932612_bin.54.fa,85.5,0.16,3107360,17624
SRR14932612_bin.57.fa,90.01,1.46,1899369,12365
SRR14932612_bin.59.fa,78.16,1.84,2563913,4363
SRR14932612_bin.60.fa,82.04,1.12,2835832,6646
SRR14932612_bin.61.fa,72.19,3.14,2401682,3416
SRR14932612_bin.62.fa,90.1,2.72,3762378,7859
SRR14932612_bin.63.fa,66.18,0.5,1219403,13487
SRR14932612_bin.66.fa,93.13,4.33,6659814,29319
SRR14932612_bin.67.fa,79.87,1.01,2333076,10009
SRR14932612_bin.68.fa,91.27,0.94,2837446,13908
SRR14932612_bin.69.fa,70.27,0.69,534966,7381
SRR14932612_bin.70.fa,90.08,6.42,6793222,11105
SRR14932612_bin.71.fa,92.41,1.49,3603380,28042
SRR14932612_bin.73.fa,63.99,2.58,981660,2741
SRR14932612_bin.75.fa,100.0,1.43,2957511,62730
SRR14932612_bin.76.fa,63.79,2.59,2909218,4881
SRR14932612_bin.77.fa,76.28,1.19,3470118,13020
SRR14932612_bin.78.fa,95.08,6.71,3889571,6696
SRR14932612_bin.79.fa,94.64,0.89,2843934,14469
SRR14932612_bin.8.fa,98.1,0.63,4363341,61822
SRR14932612_bin.81.fa,96.78,2.48,3206301,20034
SRR14932612_bin.82.fa,64.83,0.0,3650499,18374
SRR14932612_bin.83.fa,57.23,0.0,2646774,7907
SRR14932612_bin.85.fa,68.97,3.45,3443100,25753
SRR14932612_bin.88.fa,95.0,1.58,3687526,30132
SRR14932612_bin.89.fa,86.89,3.9,2271198,8424
SRR14932612_bin.9.fa,62.65,1.39,721617,11682
SRR14932612_bin.90.fa,93.07,3.05,3314835,13481
SRR14932612_bin.91.fa,89.66,0.56,2695789,19134
SRR14932612_bin.92.fa,97.62,0.95,3256235,40407
SRR14932612_bin.94.fa,69.34,2.2,1873029,2604
SRR14932612_bin.96.fa,73.3,1.91,2874451,3925
SRR14932612_bin.97.fa,55.07,0.92,915523,2670
SRR14932612_bin.98.fa,65.17,2.48,1996745,2420
SRR14932612_bin.99.fa,61.48,1.23,1862436,2608
SRR14932613_bin.11.fa,76.68,2.69,955248,5511
SRR14932613_bin.12.fa,80.17,0.0,3474469,10727
SRR14932613_bin.13.fa,85.18,4.12,2825959,5162
SRR14932613_bin.14.fa,98.39,2.26,4045975,45052
SRR14932613_bin.16.fa,69.27,2.97,1785792,4706
SRR14932613_bin.18.fa,94.2,0.76,3379843,17397
SRR14932613_bin.19.fa,78.25,1.22,2229239,4247
SRR14932613_bin.2.fa,82.1,3.49,6775389,10539
SRR14932613_bin.20.fa,72.38,2.73,4336020,3207
SRR14932613_bin.22.fa,64.96,0.0,1016163,34440
SRR14932613_bin.23.fa,62.1,1.83,1008849,3364
SRR14932613_bin.25.fa,71.07,2.88,6547744,10019
SRR14932613_bin.26.fa,97.03,2.23,3111959,21791
SRR14932613_bin.28.fa,83.18,5.13,4484138,10894
SRR14932613_bin.29.fa,84.96,4.58,2129587,4376
SRR14932613_bin.3.fa,77.12,3.45,1976032,6815
SRR14932613_bin.30.fa,51.72,0.0,2246424,4741
SRR14932613_bin.31.fa,88.25,1.44,3581604,31843
SRR14932613_bin.34.fa,84.03,6.53,2620751,7683
SRR14932613_bin.35.fa,100.0,0.0,5681228,34947
SRR14932613_bin.36.fa,87.44,3.83,2787635,7774
SRR14932613_bin.37.fa,87.49,3.41,2908363,7440
SRR14932613_bin.38.fa,76.98,3.1,2724881,12347
SRR14932613_bin.39.fa,96.53,1.22,3008305,19054
SRR14932613_bin.40.fa,95.14,7.81,7470960,7606
SRR14932613_bin.41.fa,99.05,0.16,3682055,37506
SRR14932613_bin.42.fa,76.18,2.01,1870609,3303
SRR14932613_bin.43.fa,92.42,0.63,3909136,11228
SRR14932613_bin.44.fa,81.95,2.42,2990018,8052
SRR14932613_bin.45.fa,78.55,4.05,2536328,8334
SRR14932613_bin.47.fa,87.57,5.06,3888010,3641
SRR14932613_bin.48.fa,93.14,1.96,1992419,6904
SRR14932613_bin.49.fa,92.04,4.14,3573553,5984
SRR14932613_bin.5.fa,82.9,3.15,2484353,4773
SRR14932613_bin.50.fa,71.84,3.88,2314492,3589
SRR14932613_bin.52.fa,92.83,0.0,1989438,55434
SRR14932613_bin.54.fa,85.88,0.74,2266692,7942
SRR14932613_bin.55.fa,91.56,0.8,1947488,18017
SRR14932613_bin.56.fa,90.15,2.37,2877881,20133
SRR14932613_bin.59.fa,76.87,2.11,2144924,10181
SRR14932613_bin.6.fa,89.73,2.23,3513335,12223
SRR14932613_bin.60.fa,78.66,2.38,2317032,6107
SRR14932613_bin.61.fa,83.59,3.33,3769125,8161
SRR14932613_bin.62.fa,97.54,0.74,3429802,29976
SRR14932613_bin.63.fa,73.87,2.35,1642221,2623
SRR14932613_bin.64.fa,88.82,2.5,5703820,2601
SRR14932613_bin.65.fa,94.55,0.33,5515419,47684
SRR14932613_bin.66.fa,65.17,1.69,594238,9800
SRR14932613_bin.70.fa,91.28,0.99,2447889,15246
SRR14932613_bin.71.fa,76.02,0.86,2667206,3986
SRR14932613_bin.72.fa,72.07,4.13,4699820,2217
SRR14932613_bin.73.fa,81.33,2.84,4508153,9842
SRR14932613_bin.74.fa,97.95,1.98,3492335,46785
SRR14932613_bin.8.fa,86.16,2.74,3328616,13223
SRR14932614_bin.11.fa,63.36,1.9,2513968,6170
SRR14932614_bin.12.fa,90.34,1.95,4638142,17038
SRR14932614_bin.14.fa,87.83,4.75,4383309,7846
SRR14932614_bin.15.fa,69.96,0.0,970283,16923
SRR14932614_bin.18.fa,97.54,3.86,4097958,23375
SRR14932614_bin.19.fa,95.09,1.34,3883571,12528
SRR14932614_bin.2.fa,93.89,0.5,3107789,18932
SRR14932614_bin.20.fa,93.42,2.25,2980242,24621
SRR14932614_bin.21.fa,72.41,4.31,4129479,14404
SRR14932614_bin.23.fa,55.63,1.11,1793012,4456
SRR14932614_bin.25.fa,92.31,6.37,3370004,15678
SRR14932614_bin.26.fa,98.1,0.48,2944613,73072
SRR14932614_bin.27.fa,89.6,2.21,2871158,14711
SRR14932614_bin.28.fa,88.05,5.78,2347831,8656
SRR14932614_bin.29.fa,74.57,0.87,2727536,4820
SRR14932614_bin.3.fa,62.07,1.72,1907977,9504
SRR14932614_bin.31.fa,72.45,3.33,2279607,3032
SRR14932614_bin.32.fa,93.33,5.99,6658640,5317
SRR14932614_bin.33.fa,87.04,2.78,1792982,9006
SRR14932614_bin.34.fa,86.05,4.06,2710629,5940
SRR14932614_bin.35.fa,86.15,0.48,2566628,9517
SRR14932614_bin.37.fa,85.54,3.04,4089293,7141
SRR14932614_bin.38.fa,94.94,1.42,2537335,32588
SRR14932614_bin.39.fa,91.05,5.41,2633532,26962
SRR14932614_bin.4.fa,98.36,1.93,4277624,18990
SRR14932614_bin.40.fa,74.95,2.61,2460658,4664
SRR14932614_bin.41.fa,90.34,3.35,7951886,11191
SRR14932614_bin.42.fa,79.57,1.45,3024387,3090
SRR14932614_bin.44.fa,93.3,1.29,3182708,19247
SRR14932614_bin.46.fa,96.15,1.97,2929269,25090
SRR14932614_bin.47.fa,82.92,1.98,3723414,6122
SRR14932614_bin.48.fa,91.41,1.55,2778018,13740
SRR14932614_bin.49.fa,80.41,5.17,1015302,6323
SRR14932614_bin.5.fa,79.05,1.89,2434055,5658
SRR14932614_bin.51.fa,94.09,0.0,2382651,32241
SRR14932614_bin.52.fa,79.78,1.12,1182771,27916
SRR14932614_bin.54.fa,92.24,1.23,2555708,15415
SRR14932614_bin.55.fa,85.55,4.95,6561557,17018
SRR14932614_bin.56.fa,90.0,2.84,3192514,20224
SRR14932614_bin.58.fa,68.18,2.3,4563836,2419
SRR14932614_bin.59.fa,95.05,0.74,3766280,29226
SRR14932614_bin.6.fa,65.67,1.71,979101,2706
SRR14932614_bin.60.fa,75.56,2.46,1532527,3167
SRR14932614_bin.61.fa,83.14,4.12,3297028,9191
SRR14932614_bin.62.fa,61.62,2.07,733562,3366
SRR14932614_bin.63.fa,64.79,0.0,683409,12909
SRR14932614_bin.64.fa,91.67,3.07,3730875,35604
SRR14932614_bin.65.fa,57.84,0.87,1139099,5211
SRR14932614_bin.67.fa,71.16,3.83,2002413,3114
SRR14932614_bin.68.fa,74.47,2.44,1772999,3985
SRR14932614_bin.69.fa,69.95,1.21,1590634,4905
SRR14932614_bin.71.fa,98.11,0.49,3453078,19859
SRR14932614_bin.72.fa,71.2,3.25,1608940,2701
SRR14932614_bin.73.fa,82.03,0.63,636418,14544
SRR14932614_bin.74.fa,54.31,0.0,2129130,3313
SRR14932614_bin.75.fa,94.94,1.98,3335409,26075
SRR14932614_bin.76.fa,94.39,0.69,2501144,14247
SRR14932614_bin.77.fa,90.98,4.23,2502222,7918
SRR14932614_bin.78.fa,92.85,3.08,3097138,11186
SRR14932614_bin.79.fa,87.96,3.09,3097019,6364
SRR14932614_bin.8.fa,58.26,0.43,777863,17250
SRR14932614_bin.80.fa,83.1,4.39,2400247,21288
SRR14932614_bin.81.fa,93.99,4.7,3716698,7801
SRR14932614_bin.82.fa,87.75,1.9,2491582,5488
SRR14932614_bin.83.fa,94.83,0.84,2617390,18888
SRR14932614_bin.84.fa,72.34,1.72,2598946,3453
SRR14932614_bin.85.fa,54.3,0.58,1062778,2310
SRR14932614_bin.86.fa,62.46,2.19,2933687,1975
SRR14932614_bin.9.fa,74.91,1.97,2419995,3611
SRR14932615_bin.1.fa,79.56,2.6,2446714,4704
SRR14932615_bin.10.fa,94.57,7.29,5068934,19485
SRR14932615_bin.13.fa,95.49,4.15,2796639,13122
SRR14932615_bin.14.fa,86.67,6.14,3419406,7589
SRR14932615_bin.15.fa,95.05,2.65,9828635,14822
SRR14932615_bin.16.fa,81.94,2.4,2541413,4585
SRR14932615_bin.17.fa,86.63,1.68,2297131,12853
SRR14932615_bin.2.fa,94.19,6.67,4623260,24172
SRR14932615_bin.22.fa,59.59,0.0,4489819,4990
SRR14932615_bin.25.fa,81.1,4.79,3147074,4353
SRR14932615_bin.26.fa,89.76,3.11,3451994,9149
SRR14932615_bin.29.fa,63.39,2.0,3260571,2648
SRR14932615_bin.3.fa,65.4,2.69,1513759,2581
SRR14932615_bin.4.fa,85.29,2.29,3016647,7546
SRR14932615_bin.6.fa,77.3,3.62,2480697,3061
SRR14932615_bin.8.fa,93.26,4.78,3651510,8529
SRR14932616_bin.10.fa,58.62,0.0,2289110,7508
SRR14932616_bin.16.fa,72.95,3.65,3453374,4958
SRR14932616_bin.17.fa,92.36,2.99,3305419,35432
SRR14932616_bin.18.fa,86.34,6.57,6161058,6184
SRR14932616_bin.20.fa,92.94,3.08,4090371,9838
SRR14932616_bin.22.fa,88.16,3.78,2381904,9008
SRR14932616_bin.23.fa,89.95,1.92,7482755,8087
SRR14932616_bin.24.fa,60.1,1.44,2416488,2055
SRR14932616_bin.27.fa,84.46,1.59,3165913,6487
SRR14932616_bin.3.fa,55.7,0.41,1916090,1690
SRR14932616_bin.5.fa,69.46,0.0,4036477,9571
SRR14932616_bin.6.fa,91.12,0.96,2708143,16030
SRR14932617_bin.1.fa,88.26,2.6,3097917,8952
SRR14932617_bin.10.fa,96.82,0.96,4824242,25127
SRR14932617_bin.11.fa,79.48,0.86,2713612,5982
SRR14932617_bin.12.fa,90.34,4.18,2105517,13673
SRR14932617_bin.13.fa,52.57,0.0,2675876,2462
SRR14932617_bin.14.fa,81.08,1.5,2012953,4118
SRR14932617_bin.15.fa,82.29,0.5,4131732,7581
SRR14932617_bin.16.fa,59.48,0.93,3546362,8178
SRR14932617_bin.17.fa,90.47,1.22,2636972,10399
SRR14932617_bin.19.fa,96.76,0.54,2476635,21078
SRR14932617_bin.2.fa,57.44,0.88,2353790,5423
SRR14932617_bin.20.fa,75.84,3.61,754208,4203
SRR14932617_bin.21.fa,80.66,0.76,2659683,4306
SRR14932617_bin.24.fa,91.97,3.29,3760487,10818
SRR14932617_bin.26.fa,87.04,2.24,2240490,8950
SRR14932617_bin.27.fa,95.54,1.29,2697177,9354
SRR14932617_bin.28.fa,81.43,4.22,1789578,3334
SRR14932617_bin.3.fa,86.19,4.25,2597219,11463
SRR14932617_bin.33.fa,72.22,2.93,2752319,3940
SRR14932617_bin.5.fa,74.56,1.75,3316320,11055
SRR14932617_bin.6.fa,77.76,0.0,2356224,7754
SRR14932617_bin.8.fa,66.08,2.87,1810892,6494
SRR14932617_bin.9.fa,87.43,3.74,2570232,6845
SRR14932619_bin.1.fa,95.58,1.23,2577595,14347
SRR14932619_bin.10.fa,90.72,1.62,3459985,8486
SRR14932619_bin.11.fa,58.92,1.12,607666,2410
SRR14932619_bin.12.fa,83.57,3.85,3280992,10905
SRR14932619_bin.13.fa,85.27,3.44,1923386,11149
SRR14932619_bin.14.fa,62.13,0.0,3061790,3241
SRR14932619_bin.15.fa,76.72,3.45,3413932,23820
SRR14932619_bin.17.fa,58.97,0.0,3346190,20883
SRR14932619_bin.18.fa,81.02,4.32,2938520,14527
SRR14932619_bin.2.fa,82.45,3.84,2882749,4746
SRR14932619_bin.20.fa,87.18,2.61,3258265,17807
SRR14932619_bin.21.fa,84.67,2.27,6416806,8580
SRR14932619_bin.22.fa,91.98,3.69,2847900,13144
SRR14932619_bin.24.fa,67.07,1.89,1741678,2551
SRR14932619_bin.25.fa,83.85,4.95,2826805,16056
SRR14932619_bin.26.fa,98.51,0.74,4575525,68905
SRR14932619_bin.29.fa,88.08,2.81,3094265,8677
SRR14932619_bin.3.fa,90.23,2.94,5086028,8241
SRR14932619_bin.30.fa,70.67,2.72,4161695,3351
SRR14932619_bin.34.fa,60.0,0.77,2046053,1855
SRR14932619_bin.36.fa,92.68,2.67,3742671,22383
SRR14932619_bin.38.fa,67.73,3.54,1905620,2778
SRR14932619_bin.4.fa,72.41,0.0,2864734,5222
SRR14932619_bin.41.fa,72.81,2.22,1937256,2613
SRR14932619_bin.42.fa,53.06,0.0,2033799,3046
SRR14932619_bin.5.fa,74.87,0.89,3015516,2517
SRR14932619_bin.6.fa,74.65,1.75,2568770,6244
SRR14932619_bin.7.fa,63.28,0.53,1711206,7554
SRR14932619_bin.8.fa,90.69,5.02,2661737,6257
SRR14932619_bin.9.fa,99.26,0.6,4709158,51665
SRR14932620_bin.10.fa,58.04,0.31,2903109,3597
SRR14932620_bin.11.fa,86.7,2.56,3151575,9594
SRR14932620_bin.12.fa,59.44,0.45,2169560,6727
SRR14932620_bin.13.fa,99.06,2.42,4211446,44676
SRR14932620_bin.15.fa,90.32,4.76,3574617,5404
SRR14932620_bin.16.fa,50.32,0.0,1643531,2445
SRR14932620_bin.17.fa,94.49,3.21,3750035,10610
SRR14932620_bin.18.fa,84.03,2.59,4333555,6795
SRR14932620_bin.19.fa,97.44,5.56,3436600,10461
SRR14932620_bin.2.fa,96.53,0.99,4663937,15990
SRR14932620_bin.20.fa,89.32,2.97,3428252,11445
SRR14932620_bin.21.fa,79.97,1.97,2202578,4582
SRR14932620_bin.22.fa,98.97,1.58,2644537,18825
SRR14932620_bin.24.fa,78.31,2.2,2491928,6657
SRR14932620_bin.26.fa,78.38,2.4,2789495,3568
SRR14932620_bin.6.fa,94.4,2.23,3990832,10503
SRR14932620_bin.7.fa,86.53,3.86,3605582,9569
SRR14932620_bin.9.fa,70.8,0.84,2516911,6109
SRR14932625_bin.1.fa,91.62,2.25,4464533,9745
SRR14932625_bin.11.fa,62.95,1.41,1729130,3487
SRR14932625_bin.12.fa,84.31,2.13,2221874,7946
SRR14932625_bin.13.fa,79.24,4.6,2677025,8122
SRR14932625_bin.14.fa,98.58,0.52,4014678,102866
SRR14932625_bin.15.fa,61.32,0.34,2250833,14148
SRR14932625_bin.16.fa,58.46,1.4,5745658,3179
SRR14932625_bin.17.fa,91.61,4.07,7861748,9001
SRR14932625_bin.18.fa,81.55,1.87,1188525,18718
SRR14932625_bin.19.fa,61.93,0.61,1126776,2207
SRR14932625_bin.2.fa,99.15,0.85,2657345,35031
SRR14932625_bin.20.fa,76.96,1.96,2242697,5129
SRR14932625_bin.21.fa,100.0,0.0,3288647,82478
SRR14932625_bin.22.fa,83.65,5.04,2401780,7288
SRR14932625_bin.23.fa,59.66,0.0,2469869,12341
SRR14932625_bin.24.fa,82.95,5.28,2996283,6746
SRR14932625_bin.25.fa,98.03,1.97,2241100,41925
SRR14932625_bin.28.fa,74.06,4.5,2739288,3946
SRR14932625_bin.29.fa,95.7,0.99,3563031,16828
SRR14932625_bin.3.fa,79.97,1.72,3720182,7280
SRR14932625_bin.30.fa,86.41,2.2,2622758,6594
SRR14932625_bin.31.fa,62.59,1.71,1832601,9743
SRR14932625_bin.32.fa,98.92,1.08,3427788,30721
SRR14932625_bin.33.fa,68.37,1.7,3794338,5023
SRR14932625_bin.35.fa,94.1,0.96,3408435,24238
SRR14932625_bin.37.fa,95.14,3.42,3403329,14917
SRR14932625_bin.4.fa,79.3,3.08,6330367,5623
SRR14932625_bin.40.fa,86.8,5.1,5514727,6584
SRR14932625_bin.41.fa,95.84,3.36,3362368,9694
SRR14932625_bin.42.fa,78.17,2.48,1873116,3346
SRR14932625_bin.43.fa,83.71,3.58,3156822,7607
SRR14932625_bin.44.fa,89.86,1.11,3426616,20363
SRR14932625_bin.46.fa,96.04,0.74,3244312,44733
SRR14932625_bin.47.fa,84.35,1.01,3741321,6726
SRR14932625_bin.48.fa,59.63,0.82,2441898,1923
SRR14932625_bin.49.fa,73.71,2.06,1635591,24052
SRR14932625_bin.5.fa,82.54,4.51,2557192,2896
SRR14932625_bin.51.fa,88.39,6.47,6673383,9563
SRR14932625_bin.6.fa,91.82,5.56,2146227,12307
SRR14932625_bin.8.fa,89.04,2.88,3249954,7944
SRR14932625_bin.9.fa,98.54,0.35,4189982,59024
SRR14932626_bin.1.fa,87.13,5.0,3649150,4308
SRR14932626_bin.10.fa,77.06,3.05,3479931,14330
SRR14932626_bin.11.fa,89.22,0.52,3566707,110449
SRR14932626_bin.12.fa,87.3,4.34,2541614,6275
SRR14932626_bin.13.fa,86.52,4.81,4069518,29322
SRR14932626_bin.14.fa,82.34,3.53,2725045,10765
SRR14932626_bin.15.fa,77.5,2.6,2431668,9211
SRR14932626_bin.16.fa,97.12,1.91,4271173,19074
SRR14932626_bin.17.fa,91.46,2.24,4274302,11040
SRR14932626_bin.18.fa,83.37,3.65,4425635,7911
SRR14932626_bin.19.fa,94.33,3.98,3192756,9658
SRR14932626_bin.2.fa,93.6,0.51,2206180,9144
SRR14932626_bin.20.fa,82.78,1.13,2588571,18191
SRR14932626_bin.21.fa,95.03,2.7,2904654,28146
SRR14932626_bin.23.fa,84.53,1.7,2477461,4094
SRR14932626_bin.25.fa,65.19,3.03,3627972,3764
SRR14932626_bin.3.fa,92.97,0.81,3984413,53788
SRR14932626_bin.5.fa,82.99,0.61,3756769,3493
SRR14932626_bin.6.fa,88.41,1.48,2213553,5548
SRR14932626_bin.7.fa,90.97,5.09,2124106,12857
SRR14932626_bin.8.fa,78.57,1.16,2742837,3280
SRR14932626_bin.9.fa,71.47,3.58,2631057,10294
SRR14932629_bin.1.fa,62.7,0.0,2802323,2629
SRR14932629_bin.10.fa,90.09,3.89,3372053,12905
SRR14932629_bin.11.fa,84.91,5.98,2622055,4316
SRR14932629_bin.13.fa,83.28,0.76,2961460,4607
SRR14932629_bin.15.fa,70.61,2.18,2873649,3963
SRR14932629_bin.16.fa,82.68,2.82,3017611,5345
SRR14932629_bin.18.fa,84.66,3.8,3278434,4558
SRR14932629_bin.19.fa,83.14,0.58,3016567,5153
SRR14932629_bin.21.fa,89.15,2.0,3608008,15352
SRR14932629_bin.22.fa,92.54,2.19,2610878,7604
SRR14932629_bin.23.fa,85.75,1.1,3933090,5541
SRR14932629_bin.24.fa,77.96,1.16,2498145,6766
SRR14932629_bin.25.fa,91.64,1.15,3542653,13275
SRR14932629_bin.26.fa,79.94,4.39,2581915,4844
SRR14932629_bin.27.fa,81.96,2.46,2394512,6724
SRR14932629_bin.28.fa,76.99,3.01,6680843,4600
SRR14932629_bin.29.fa,78.98,2.39,4426859,4216
SRR14932629_bin.30.fa,77.01,0.76,1995270,2728
SRR14932629_bin.31.fa,80.53,1.78,2713341,3293
SRR14932629_bin.32.fa,97.03,2.48,3582036,27135
SRR14932629_bin.33.fa,97.75,0.07,2843967,32044
SRR14932629_bin.34.fa,95.25,0.56,3182359,24066
SRR14932629_bin.4.fa,77.91,5.0,4760233,11587
SRR14932629_bin.6.fa,80.47,1.08,3453806,7821
SRR14932629_bin.7.fa,94.55,1.4,2942154,14971
SRR14932629_bin.8.fa,75.89,1.97,2704891,3387
SRR14932630_bin.10.fa,96.7,3.3,4376443,72431
SRR14932630_bin.11.fa,71.82,2.96,2626842,4330
SRR14932630_bin.12.fa,98.64,0.25,5596415,55583
SRR14932630_bin.13.fa,98.57,0.0,3811225,43996
SRR14932630_bin.14.fa,67.5,1.84,3197702,4839
SRR14932630_bin.15.fa,85.3,2.78,2039696,5561
SRR14932630_bin.16.fa,63.27,1.14,4265484,3949
SRR14932630_bin.17.fa,93.97,1.96,3922854,6549
SRR14932630_bin.19.fa,97.03,0.99,3503676,19998
SRR14932630_bin.20.fa,70.83,3.89,780460,25232
SRR14932630_bin.22.fa,93.51,1.67,4585220,11259
SRR14932630_bin.24.fa,74.67,4.23,5933100,5730
SRR14932630_bin.25.fa,94.87,1.42,3158964,19326
SRR14932630_bin.26.fa,59.23,1.18,2463833,2833
SRR14932630_bin.3.fa,70.01,4.0,2443078,3763
SRR14932630_bin.4.fa,73.89,2.03,3136285,4088
SRR14932630_bin.6.fa,83.91,3.3,3042081,9547
SRR14932630_bin.7.fa,85.73,3.85,4625770,5222
SRR14932630_bin.8.fa,58.86,0.0,2746832,5871
SRR14932631_bin.1.fa,76.36,3.75,2425221,8815
SRR14932631_bin.10.fa,97.16,1.9,1394735,53751
SRR14932631_bin.11.fa,57.24,0.78,1243778,5512
SRR14932631_bin.13.fa,91.64,1.74,3729866,13071
SRR14932631_bin.14.fa,91.62,0.87,3547395,16158
SRR14932631_bin.15.fa,97.74,2.55,9972025,18610
SRR14932631_bin.16.fa,57.21,0.66,2471888,2795
SRR14932631_bin.18.fa,89.41,3.86,3277177,8503
SRR14932631_bin.2.fa,82.61,2.9,1346202,4811
SRR14932631_bin.20.fa,83.31,0.71,2245992,3347
SRR14932631_bin.21.fa,92.18,1.63,3388443,9074
SRR14932631_bin.22.fa,96.04,1.49,3265252,24064
SRR14932631_bin.24.fa,62.0,0.0,819969,6160
SRR14932631_bin.25.fa,77.64,2.0,3559174,4855
SRR14932631_bin.26.fa,87.51,3.56,3633346,16512
SRR14932631_bin.27.fa,82.63,3.35,3688613,5024
SRR14932631_bin.28.fa,79.4,0.24,1226129,3453
SRR14932631_bin.3.fa,90.03,4.46,3188465,14127
SRR14932631_bin.30.fa,89.32,4.49,3546471,6571
SRR14932631_bin.31.fa,97.54,0.55,3922152,24781
SRR14932631_bin.32.fa,66.55,2.59,3305109,3847
SRR14932631_bin.33.fa,97.03,0.99,4104346,52251
SRR14932631_bin.35.fa,81.65,2.0,3618326,13924
SRR14932631_bin.37.fa,64.42,1.71,4276403,2277
SRR14932631_bin.38.fa,96.99,3.3,3985737,11651
SRR14932631_bin.39.fa,96.71,0.18,4577137,7015
SRR14932631_bin.4.fa,62.85,0.59,2602333,2581
SRR14932631_bin.41.fa,66.46,2.57,4595378,1774
SRR14932631_bin.42.fa,92.93,1.28,3870687,13141
SRR14932631_bin.45.fa,95.32,2.63,3453420,13977
SRR14932631_bin.46.fa,93.81,1.76,2986416,36351
SRR14932631_bin.47.fa,83.63,1.55,2922636,12833
SRR14932631_bin.50.fa,73.68,0.0,2763077,6378
SRR14932631_bin.51.fa,70.3,0.71,2107124,8320
SRR14932631_bin.52.fa,91.36,3.86,2557277,10825
SRR14932631_bin.53.fa,66.57,1.26,3125463,2937
SRR14932631_bin.54.fa,94.38,3.33,4053732,15256
SRR14932631_bin.55.fa,89.78,4.52,3325485,4997
SRR14932631_bin.57.fa,96.23,1.97,4092188,5482
SRR14932631_bin.59.fa,82.84,5.9,4468502,9383
SRR14932631_bin.6.fa,84.24,3.04,3072398,9355
SRR14932631_bin.60.fa,77.45,4.84,2392117,2195
SRR14932631_bin.61.fa,94.31,3.0,3473876,23088
SRR14932631_bin.62.fa,93.21,3.31,3836144,16390
SRR14932631_bin.7.fa,79.19,1.93,2341869,3533
SRR14932631_bin.8.fa,77.18,1.46,3118453,8916
SRR14932631_bin.9.fa,86.61,2.51,3016018,28272
SRR14932635_bin.1.fa,89.9,4.46,8008595,8233
SRR14932635_bin.10.fa,96.38,0.51,5735814,12993
SRR14932635_bin.11.fa,90.18,0.99,3082449,4520
SRR14932635_bin.12.fa,88.1,5.45,6167127,14184
SRR14932635_bin.13.fa,73.48,0.0,1102199,6822
SRR14932635_bin.14.fa,98.72,2.39,5695395,63223
SRR14932635_bin.15.fa,94.08,0.87,2444745,39241
SRR14932635_bin.16.fa,94.93,1.24,6120364,14070
SRR14932635_bin.17.fa,88.39,3.69,4882192,11262
SRR14932635_bin.18.fa,86.14,1.31,2643599,5374
SRR14932635_bin.19.fa,52.63,0.0,1465482,12535
SRR14932635_bin.20.fa,80.09,5.45,4268511,6001
SRR14932635_bin.21.fa,72.1,1.83,4708464,3795
SRR14932635_bin.22.fa,76.43,0.0,1453458,16384
SRR14932635_bin.23.fa,85.28,3.81,3310189,5782
SRR14932635_bin.26.fa,77.95,1.38,1659820,6138
SRR14932635_bin.27.fa,60.49,1.19,3061692,1991
SRR14932635_bin.28.fa,81.17,3.75,3863798,4445
SRR14932635_bin.3.fa,70.97,2.3,2423086,2555
SRR14932635_bin.30.fa,68.03,3.51,4434971,2138
SRR14932635_bin.31.fa,95.52,1.98,4834610,19913
SRR14932635_bin.33.fa,75.94,0.91,4923578,9797
SRR14932635_bin.35.fa,81.18,1.72,993002,31447
SRR14932635_bin.37.fa,68.27,1.49,2414668,5189
SRR14932635_bin.38.fa,70.16,3.03,2707877,8118
SRR14932635_bin.39.fa,83.91,5.0,5077449,5317
SRR14932635_bin.40.fa,70.04,2.1,2831046,2287
SRR14932635_bin.41.fa,93.76,3.86,4439953,18345
SRR14932635_bin.42.fa,94.96,3.26,4804120,16174
SRR14932635_bin.43.fa,97.52,1.98,3675280,46781
SRR14932635_bin.44.fa,84.64,3.8,6793293,9121
SRR14932635_bin.45.fa,86.19,2.24,4050605,8165
SRR14932635_bin.46.fa,87.9,2.69,3201017,4834
SRR14932635_bin.48.fa,80.87,1.24,3526177,5714
SRR14932635_bin.49.fa,93.43,0.18,5074632,8598
SRR14932635_bin.5.fa,75.16,1.4,6928301,4474
SRR14932635_bin.50.fa,77.51,2.83,2991756,7172
SRR14932635_bin.51.fa,89.32,3.87,9217208,8418
SRR14932635_bin.52.fa,65.46,2.59,786530,10671
SRR14932635_bin.55.fa,58.21,0.6,2025616,2598
SRR14932635_bin.58.fa,90.77,1.01,1892435,39433
SRR14932635_bin.59.fa,84.57,5.76,3688487,8416
SRR14932635_bin.6.fa,83.62,0.0,4001860,11038
SRR14932635_bin.7.fa,76.88,1.79,2248967,4289
SRR14932635_bin.9.fa,79.78,1.72,3671136,8637
SRR14932636_bin.12.fa,95.31,0.5,4411360,17511
SRR14932636_bin.14.fa,59.89,1.48,2503599,5282
SRR14932636_bin.15.fa,68.01,3.39,4305427,4685
SRR14932636_bin.16.fa,97.17,1.64,2730774,19609
SRR14932636_bin.18.fa,71.38,2.24,3431201,2053
SRR14932636_bin.19.fa,74.6,4.4,3499349,5406
SRR14932636_bin.2.fa,73.28,0.86,3519214,22431
SRR14932636_bin.25.fa,72.41,1.72,2200305,5482
SRR14932636_bin.26.fa,87.04,3.04,2588171,8382
SRR14932636_bin.27.fa,79.84,4.4,2893192,12942
SRR14932636_bin.3.fa,77.21,3.04,3356422,3927
SRR14932636_bin.31.fa,94.82,2.23,4301374,20734
SRR14932636_bin.32.fa,53.51,0.0,3641151,2627
SRR14932636_bin.33.fa,91.62,1.42,4158924,13052
SRR14932636_bin.4.fa,82.67,0.5,3407733,5679
SRR14932636_bin.5.fa,97.36,0.5,3842978,25696
SRR14932636_bin.6.fa,97.16,0.55,3011242,30982
SRR14932636_bin.7.fa,75.74,1.58,1037540,25275
SRR14932637_bin.1.fa,89.24,2.75,3499888,6317
SRR14932637_bin.11.fa,74.31,1.72,3431462,10515
SRR14932637_bin.12.fa,97.47,5.11,3516087,13504
SRR14932637_bin.14.fa,56.38,0.0,1516347,4006
SRR14932637_bin.15.fa,81.99,3.99,2872174,5487
SRR14932637_bin.16.fa,62.07,0.0,1058956,7657
SRR14932637_bin.17.fa,96.64,2.04,6259584,28709
SRR14932637_bin.18.fa,83.14,4.42,3400574,6364
SRR14932637_bin.2.fa,77.65,3.51,2327909,3572
SRR14932637_bin.20.fa,69.26,2.6,2550610,5935
SRR14932637_bin.21.fa,53.54,0.0,656405,5167
SRR14932637_bin.22.fa,96.77,0.35,3927425,55961
SRR14932637_bin.23.fa,75.37,3.33,2877867,13089
SRR14932637_bin.24.fa,98.58,0.59,4026142,101517
SRR14932637_bin.25.fa,70.62,3.54,5944198,3437
SRR14932637_bin.26.fa,89.01,2.37,3168919,12713
SRR14932637_bin.27.fa,69.31,3.3,3095854,13829
SRR14932637_bin.29.fa,100.0,0.24,3241850,58227
SRR14932637_bin.3.fa,91.0,2.97,3076041,10540
SRR14932637_bin.31.fa,68.97,0.0,1879285,6021
SRR14932637_bin.32.fa,85.21,3.28,3178748,6390
SRR14932637_bin.33.fa,94.86,8.13,3404359,9677
SRR14932637_bin.34.fa,81.63,0.43,3738961,7493
SRR14932637_bin.35.fa,59.08,0.36,1446973,2237
SRR14932637_bin.36.fa,91.6,0.9,4307726,15931
SRR14932637_bin.38.fa,86.7,5.03,1984408,9291
SRR14932637_bin.39.fa,71.65,2.56,2727711,4586
SRR14932637_bin.40.fa,70.93,1.25,1781203,3800
SRR14932637_bin.41.fa,53.79,0.0,3223418,4594
SRR14932637_bin.43.fa,78.8,5.31,2630175,6170
SRR14932637_bin.45.fa,81.74,2.09,2322516,7354
SRR14932637_bin.46.fa,87.95,1.06,1870415,6760
SRR14932637_bin.47.fa,84.27,2.12,2408292,4420
SRR14932637_bin.48.fa,84.71,4.08,2413865,5775
SRR14932637_bin.49.fa,61.9,1.7,2801467,2749
SRR14932637_bin.5.fa,83.52,0.24,3393812,9346
SRR14932637_bin.50.fa,76.49,1.72,2871840,16000
SRR14932637_bin.53.fa,69.39,2.12,3233232,4840
SRR14932637_bin.54.fa,80.53,2.24,4738528,7431
SRR14932637_bin.55.fa,86.2,5.54,5857747,6078
SRR14932637_bin.58.fa,96.68,1.42,1312150,662759
SRR14932637_bin.6.fa,69.35,0.49,3354192,5841
SRR14932637_bin.60.fa,83.8,5.56,2762131,3752
SRR14932637_bin.61.fa,88.49,2.17,4174857,19881
SRR14932637_bin.64.fa,56.44,0.26,1214466,2064
SRR14932637_bin.66.fa,63.03,2.06,2017014,2507
SRR14932637_bin.8.fa,99.57,0.85,2693660,56975
SRR14932637_bin.9.fa,96.06,2.22,5089273,10224
SRR14932638_bin.1.fa,70.59,1.24,2383544,3356
SRR14932638_bin.3.fa,74.67,1.23,812871,6359
SRR14932638_bin.6.fa,94.55,1.09,5760217,20007
SRR14932639_bin.1.fa,97.01,3.13,5437458,18986
SRR14932639_bin.10.fa,78.14,0.95,2485241,10832
SRR14932639_bin.11.fa,86.66,1.16,1924697,8395
SRR14932639_bin.13.fa,82.96,2.81,1113353,13010
SRR14932639_bin.14.fa,92.38,5.67,3041507,5601
SRR14932639_bin.15.fa,62.91,2.1,6999845,6333
SRR14932639_bin.16.fa,85.73,2.95,4534410,6165
SRR14932639_bin.17.fa,94.55,2.23,4319836,9886
SRR14932639_bin.2.fa,62.78,0.95,1977790,2640
SRR14932639_bin.20.fa,67.59,2.42,3254711,4004
SRR14932639_bin.21.fa,100.0,0.03,3199437,60766
SRR14932639_bin.22.fa,95.45,1.82,3448738,6489
SRR14932639_bin.23.fa,86.14,4.95,2733247,29948
SRR14932639_bin.24.fa,77.72,4.61,2817945,6150
SRR14932639_bin.26.fa,55.17,0.0,2009267,4430
SRR14932639_bin.28.fa,90.23,4.27,3429716,36871
SRR14932639_bin.3.fa,74.38,1.9,4942842,5416
SRR14932639_bin.31.fa,81.96,6.11,3238748,11284
SRR14932639_bin.32.fa,86.33,1.82,3289040,21256
SRR14932639_bin.34.fa,75.01,2.66,2479111,2508
SRR14932639_bin.35.fa,92.35,1.17,2484168,34282
SRR14932639_bin.39.fa,85.05,1.23,4948585,8198
SRR14932639_bin.41.fa,76.1,1.93,2805662,3987
SRR14932639_bin.44.fa,77.33,1.53,2806772,4575
SRR14932639_bin.47.fa,92.26,0.72,2861483,19815
SRR14932639_bin.48.fa,93.45,0.91,4630819,20060
SRR14932639_bin.5.fa,98.03,1.48,3822632,29144
SRR14932639_bin.50.fa,97.93,1.61,4065236,47670
SRR14932639_bin.51.fa,75.7,2.39,3055282,4970
SRR14932639_bin.52.fa,96.3,2.17,3671804,39569
SRR14932639_bin.53.fa,72.58,2.44,2617722,7321
SRR14932639_bin.56.fa,86.01,0.74,3207591,10477
SRR14932639_bin.57.fa,74.96,4.17,2380034,4588
SRR14932639_bin.58.fa,76.13,3.86,2872177,6129
SRR14932639_bin.6.fa,90.49,3.01,4151139,8480
SRR14932639_bin.64.fa,62.13,2.0,1747115,2066
SRR14932639_bin.67.fa,70.66,1.82,2491375,5024
SRR14932639_bin.69.fa,66.44,1.33,2132532,3199
SRR14932639_bin.8.fa,88.9,2.52,3092203,5951
SRR14932639_bin.9.fa,71.67,2.37,3766480,4075
SRR14932642_bin.1.fa,54.37,0.86,514423,5179
SRR14932642_bin.11.fa,86.0,4.61,2687129,16759
SRR14932642_bin.12.fa,87.8,1.79,3096660,5695
SRR14932642_bin.13.fa,58.7,0.0,962810,4752
SRR14932642_bin.15.fa,95.46,0.74,2617590,29677
SRR14932642_bin.16.fa,93.98,1.97,3961942,14146
SRR14932642_bin.17.fa,74.74,1.12,3574092,6541
SRR14932642_bin.2.fa,78.86,1.31,1698985,6632
SRR14932642_bin.21.fa,80.15,0.0,707290,87192
SRR14932642_bin.22.fa,85.38,5.38,6046052,6635
SRR14932642_bin.23.fa,95.87,0.5,4323544,57106
SRR14932642_bin.24.fa,72.41,0.0,2282809,6087
SRR14932642_bin.25.fa,95.63,2.24,2754651,26566
SRR14932642_bin.26.fa,70.87,2.43,1863349,3549
SRR14932642_bin.27.fa,74.13,0.85,3893214,10152
SRR14932642_bin.28.fa,72.63,1.94,5154203,3213
SRR14932642_bin.30.fa,89.46,1.21,7329584,22340
SRR14932642_bin.32.fa,98.89,0.0,4195031,94026
SRR14932642_bin.33.fa,69.77,2.71,3290067,2568
SRR14932642_bin.34.fa,86.5,2.38,2393981,4723
SRR14932642_bin.35.fa,88.32,3.59,7845576,10097
SRR14932642_bin.37.fa,93.97,2.37,2837531,13841
SRR14932642_bin.38.fa,96.98,0.74,3318377,53179
SRR14932642_bin.39.fa,97.81,0.38,6584836,27087
SRR14932642_bin.4.fa,84.57,3.15,2221646,9998
SRR14932642_bin.40.fa,90.52,0.65,3267956,11551
SRR14932642_bin.43.fa,79.44,2.73,4017599,5385
SRR14932642_bin.45.fa,92.92,3.78,5103999,18124
SRR14932642_bin.46.fa,63.24,0.0,1842820,4071
SRR14932642_bin.47.fa,88.71,2.74,7266835,10411
SRR14932642_bin.48.fa,95.41,0.99,4463352,26846
SRR14932642_bin.50.fa,96.48,0.91,2481705,80295
SRR14932642_bin.51.fa,65.85,2.75,2563631,3923
SRR14932642_bin.52.fa,85.14,4.05,2312010,4448
SRR14932642_bin.55.fa,92.17,4.68,3427285,7830
SRR14932642_bin.56.fa,96.25,1.43,4173340,46201
SRR14932642_bin.6.fa,79.07,2.96,2268503,19271
SRR14932642_bin.60.fa,69.43,0.59,2278276,14449
SRR14932642_bin.61.fa,92.12,2.79,3065281,9991
SRR14932642_bin.62.fa,72.26,2.6,2518745,2933
SRR14932642_bin.63.fa,81.93,1.09,2510750,14050
SRR14932642_bin.64.fa,96.69,1.97,3331451,26967
SRR14932642_bin.69.fa,60.0,1.46,2105463,3899
SRR14932642_bin.73.fa,67.63,2.05,1144804,2086
SRR14932642_bin.8.fa,58.62,1.72,2250059,6145
SRR14932642_bin.9.fa,95.07,3.45,4782318,6856
SRR14932645_bin.10.fa,56.9,0.0,2492825,4703
SRR14932645_bin.11.fa,56.24,0.49,2202277,6304
SRR14932645_bin.14.fa,70.07,3.55,3912498,3923
SRR14932645_bin.16.fa,67.3,2.58,3226816,3999
SRR14932645_bin.17.fa,77.78,2.75,2807119,3321
SRR14932645_bin.19.fa,98.51,1.49,3145432,69750
SRR14932645_bin.2.fa,68.97,0.0,3043717,8107
SRR14932645_bin.20.fa,90.12,0.91,5058441,10504
SRR14932645_bin.21.fa,90.24,3.53,3342053,8297
SRR14932645_bin.22.fa,88.32,0.69,3213327,9819
SRR14932645_bin.24.fa,61.46,0.0,1146349,11201
SRR14932645_bin.25.fa,83.59,4.62,3782253,7782
SRR14932645_bin.27.fa,88.35,2.53,1642205,10630
SRR14932645_bin.28.fa,85.06,4.45,2888117,5979
SRR14932645_bin.30.fa,87.82,1.34,3937388,8393
SRR14932645_bin.31.fa,73.57,1.37,2410176,9372
SRR14932645_bin.33.fa,94.31,2.87,3111887,22959
SRR14932645_bin.34.fa,67.59,0.0,3864127,4328
SRR14932645_bin.36.fa,51.04,0.0,3813988,2621
SRR14932645_bin.5.fa,86.64,1.4,3108713,7759
SRR14932645_bin.7.fa,93.63,3.55,2676976,10425
SRR14932645_bin.8.fa,86.75,3.2,3478830,10462
SRR14932648_bin.1.fa,93.4,1.11,3244480,14031
SRR14932648_bin.10.fa,64.66,0.0,2241790,7208
SRR14932648_bin.11.fa,90.21,2.93,2508593,7855
SRR14932648_bin.14.fa,81.99,3.07,3001526,4839
SRR14932648_bin.15.fa,80.16,3.32,3042700,4039
SRR14932648_bin.16.fa,87.11,4.91,5567757,10870
SRR14932648_bin.2.fa,84.69,5.65,2589918,4616
SRR14932648_bin.20.fa,58.28,0.17,1096155,4329
SRR14932648_bin.3.fa,87.38,2.64,3066765,12401
SRR14932648_bin.4.fa,82.05,2.03,3009829,8265
SRR14932648_bin.5.fa,72.46,2.61,1578140,2228
SRR14932648_bin.6.fa,96.04,1.49,3286733,18412
SRR14932648_bin.7.fa,64.91,1.85,783368,9314
SRR14932648_bin.8.fa,61.21,0.0,2551623,3903
SRR14932648_bin.9.fa,82.74,2.8,2912439,5846
SRR14932649_bin.11.fa,68.14,3.33,2843204,5055
SRR14932649_bin.15.fa,73.87,0.99,2852849,6429
SRR14932649_bin.16.fa,89.39,2.44,3038235,11334
SRR14932649_bin.18.fa,71.98,2.67,2731331,4040
SRR14932649_bin.3.fa,65.28,1.13,3199538,5204
SRR14932649_bin.4.fa,77.95,4.31,2388177,3889
SRR14932649_bin.5.fa,59.28,0.59,730437,8074
SRR14932649_bin.8.fa,65.05,1.52,1908547,2466
SRR14932649_bin.9.fa,51.79,0.08,715253,4226
SRR14932650_bin.1.fa,91.77,1.28,3044830,11970
SRR14932650_bin.12.fa,86.01,2.75,2710143,9821
SRR14932650_bin.13.fa,89.52,0.6,3308160,5098
SRR14932650_bin.14.fa,77.23,1.83,2771447,4324
SRR14932650_bin.15.fa,88.51,2.64,2703463,9936
SRR14932650_bin.18.fa,70.1,1.57,2624342,4183
SRR14932650_bin.19.fa,91.23,1.09,4085398,10607
SRR14932650_bin.2.fa,92.67,1.35,2455691,5918
SRR14932650_bin.20.fa,64.04,0.0,606202,9900
SRR14932650_bin.21.fa,68.32,0.72,3548380,8279
SRR14932650_bin.22.fa,71.79,2.05,2870420,4395
SRR14932650_bin.5.fa,52.4,0.21,1824880,3313
SRR14932650_bin.9.fa,77.56,3.85,2724505,3802
SRR14932651_bin.1.fa,66.19,1.49,3522059,5169
SRR14932651_bin.10.fa,66.27,2.63,1800284,3650
SRR14932651_bin.11.fa,71.48,0.07,4694109,2451
SRR14932651_bin.15.fa,88.38,2.95,3349464,6516
SRR14932651_bin.16.fa,88.45,2.79,2293958,8377
SRR14932651_bin.17.fa,60.66,1.15,2357139,10016
SRR14932651_bin.2.fa,83.05,4.85,3075875,5160
SRR14932651_bin.21.fa,87.08,4.89,3489932,2576
SRR14932651_bin.22.fa,78.7,1.58,2963479,11482
SRR14932651_bin.24.fa,72.45,2.28,3118598,4612
SRR14932651_bin.26.fa,69.94,3.69,2301488,3518
SRR14932651_bin.27.fa,73.79,3.95,3075260,4825
SRR14932651_bin.29.fa,67.0,0.99,896922,10493
SRR14932651_bin.3.fa,67.56,2.15,2791707,3670
SRR14932651_bin.30.fa,79.3,2.83,4892737,3628
SRR14932651_bin.31.fa,94.06,1.73,3889602,24584
SRR14932651_bin.33.fa,65.63,1.72,2837098,5108
SRR14932651_bin.34.fa,75.04,2.42,3031668,8683
SRR14932651_bin.38.fa,50.85,0.0,2211895,3093
SRR14932651_bin.39.fa,56.11,1.12,437747,2306
SRR14932651_bin.4.fa,65.02,1.23,2870930,6184
SRR14932651_bin.42.fa,59.4,1.59,2061800,2024
SRR14932651_bin.43.fa,59.04,1.81,2669074,2291
SRR14932651_bin.8.fa,94.88,1.24,3300577,13360
SRR14932651_bin.9.fa,65.67,1.22,2308088,6122
SRR14932652_bin.1.fa,94.87,1.71,4116985,46611
SRR14932652_bin.10.fa,53.1,0.0,2241522,2936
SRR14932652_bin.11.fa,72.37,2.56,2418668,5884
SRR14932652_bin.12.fa,69.89,2.71,3218992,5349
SRR14932652_bin.14.fa,92.72,0.49,2841305,23547
SRR14932652_bin.16.fa,75.3,0.74,2720670,3128
SRR14932652_bin.17.fa,98.02,1.49,3111501,45696
SRR14932652_bin.18.fa,77.53,4.55,3101043,6649
SRR14932652_bin.19.fa,62.93,0.86,3095295,12492
SRR14932652_bin.2.fa,64.71,0.6,1960962,2189
SRR14932652_bin.21.fa,70.97,1.03,3110417,3924
SRR14932652_bin.22.fa,79.64,2.68,2534773,4429
SRR14932652_bin.24.fa,94.64,1.43,3466418,13531
SRR14932652_bin.25.fa,77.01,3.37,2196678,4078
SRR14932652_bin.26.fa,71.27,2.82,2390530,5125
SRR14932652_bin.28.fa,88.99,4.12,3049830,7418
SRR14932652_bin.29.fa,74.6,4.13,2624992,3541
SRR14932652_bin.30.fa,82.02,1.58,2505537,5588
SRR14932652_bin.31.fa,57.4,0.69,733318,5720
SRR14932652_bin.32.fa,67.66,2.48,815085,21398
SRR14932652_bin.33.fa,80.6,3.82,3643177,5165
SRR14932652_bin.34.fa,61.4,0.0,2935580,2168
SRR14932652_bin.5.fa,71.78,2.36,2394364,2690
SRR14932652_bin.7.fa,82.74,2.91,3852100,6869
SRR14932652_bin.8.fa,70.74,2.71,2175618,6510
SRR14932652_bin.9.fa,79.2,2.62,3878146,3378
SRR14932655_bin.10.fa,84.88,2.56,3546712,5501
SRR14932655_bin.12.fa,90.94,2.66,3199437,9467
SRR14932655_bin.13.fa,88.43,2.25,3093669,10705
SRR14932655_bin.14.fa,77.2,0.49,2392839,4601
SRR14932655_bin.15.fa,67.16,0.0,580173,5586
SRR14932655_bin.17.fa,94.07,1.71,2483567,16946
SRR14932655_bin.18.fa,87.21,0.73,2650487,13597
SRR14932655_bin.19.fa,61.65,1.23,1100187,6373
SRR14932655_bin.2.fa,86.84,4.61,3455020,7349
SRR14932655_bin.21.fa,63.91,0.0,3277291,2782
SRR14932655_bin.22.fa,75.87,1.84,2746038,3150
SRR14932655_bin.23.fa,96.93,1.68,3560195,51887
SRR14932655_bin.24.fa,91.65,0.88,3023451,15507
SRR14932655_bin.25.fa,60.74,1.62,2329501,4296
SRR14932655_bin.28.fa,72.93,2.22,2576929,5349
SRR14932655_bin.3.fa,93.51,3.4,2712290,9924
SRR14932655_bin.30.fa,92.95,3.2,3989296,7530
SRR14932655_bin.33.fa,71.34,3.12,2677618,3660
SRR14932655_bin.34.fa,58.64,0.07,710428,5264
SRR14932655_bin.6.fa,71.03,3.9,2860006,3329
SRR14932655_bin.7.fa,93.85,3.35,3913235,9704
SRR14932655_bin.9.fa,98.18,2.0,4391475,16376
SRR14932659_bin.1.fa,91.59,1.81,2849832,9397
SRR14932659_bin.10.fa,89.19,4.43,6276765,10778
SRR14932659_bin.11.fa,83.21,2.17,2516494,4656
SRR14932659_bin.12.fa,95.48,2.5,3043666,10875
SRR14932659_bin.13.fa,91.04,4.82,4440343,5403
SRR14932659_bin.16.fa,90.08,3.5,2307392,4384
SRR14932659_bin.18.fa,62.47,0.66,465869,2476
SRR14932659_bin.19.fa,88.35,2.5,3059772,6148
SRR14932659_bin.2.fa,61.34,2.06,2108467,3988
SRR14932659_bin.20.fa,96.86,1.18,3520372,19503
SRR14932659_bin.21.fa,54.67,0.24,641889,7884
SRR14932659_bin.22.fa,81.91,2.25,2108493,5434
SRR14932659_bin.23.fa,68.29,1.01,2332062,2598
SRR14932659_bin.24.fa,69.42,0.99,1000649,11380
SRR14932659_bin.26.fa,70.38,3.61,1779893,3443
SRR14932659_bin.27.fa,64.49,1.12,999873,4139
SRR14932659_bin.28.fa,78.3,3.25,2500028,5003
SRR14932659_bin.32.fa,51.72,0.0,2105117,2730
SRR14932659_bin.4.fa,56.83,1.05,2629242,2852
SRR14932659_bin.5.fa,86.73,2.46,2567047,4855
SRR14932659_bin.6.fa,77.61,1.98,2511541,6704
SRR14932659_bin.8.fa,68.9,3.01,2351455,3346
SRR14932659_bin.9.fa,92.23,6.04,3792420,7246
SRR14932660_bin.1.fa,82.27,2.64,3271999,5718
SRR14932660_bin.11.fa,78.62,1.21,2652804,2907
SRR14932660_bin.12.fa,82.63,2.35,3130542,6518
SRR14932660_bin.14.fa,88.53,4.32,2181380,5061
SRR14932660_bin.18.fa,63.07,2.37,2645459,3620
SRR14932660_bin.2.fa,92.18,0.84,3044168,9724
SRR14932660_bin.20.fa,80.08,0.68,2154878,5021
SRR14932660_bin.21.fa,76.32,0.63,2274781,6032
SRR14932660_bin.22.fa,51.75,0.0,797941,6508
SRR14932660_bin.4.fa,87.78,1.24,2594587,9469
SRR14932660_bin.5.fa,85.42,1.35,2675615,7270
SRR14932660_bin.6.fa,86.43,2.36,3858711,4990
SRR14932660_bin.7.fa,88.13,2.43,3754495,7552
SRR14932660_bin.8.fa,81.76,3.37,3524298,6897
SRR14932660_bin.9.fa,81.08,5.41,5837961,9412
SRR14932661_bin.1.fa,92.46,2.53,4136687,16367
SRR14932661_bin.10.fa,87.33,1.92,2576960,8038
SRR14932661_bin.11.fa,72.63,2.53,2897053,4486
SRR14932661_bin.12.fa,57.93,0.0,2424168,8345
SRR14932661_bin.13.fa,86.89,0.99,4104790,12396
SRR14932661_bin.15.fa,98.1,1.19,3725257,35908
SRR14932661_bin.16.fa,71.94,2.23,3017248,2713
SRR14932661_bin.17.fa,89.56,1.11,2845590,7225
SRR14932661_bin.18.fa,56.22,0.91,3218443,2437
SRR14932661_bin.19.fa,90.65,2.92,3030372,15770
SRR14932661_bin.20.fa,65.27,2.65,2208975,3047
SRR14932661_bin.21.fa,66.06,2.06,2583750,3805
SRR14932661_bin.23.fa,82.7,3.49,3847181,5169
SRR14932661_bin.24.fa,70.6,3.56,3207775,7326
SRR14932661_bin.26.fa,77.99,4.45,2469335,7139
SRR14932661_bin.27.fa,66.7,1.95,3239679,3239
SRR14932661_bin.28.fa,68.05,2.56,3490430,3571
SRR14932661_bin.3.fa,64.72,1.37,4668301,3225
SRR14932661_bin.4.fa,61.51,1.81,2384895,2120
SRR14932661_bin.6.fa,92.24,2.83,2351787,6190
SRR14932661_bin.7.fa,63.74,2.28,2099327,3222
SRR14932661_bin.8.fa,77.06,2.14,2616725,5705
SRR14932661_bin.9.fa,83.51,0.25,3418128,5139
SRR14932662_bin.1.fa,98.9,0.59,2794280,46466
SRR14932662_bin.11.fa,85.74,5.5,3149106,2653
SRR14932662_bin.12.fa,67.99,1.98,911382,28223
SRR14932662_bin.13.fa,98.77,0.49,3339327,37689
SRR14932662_bin.14.fa,76.88,2.88,2615956,2774
SRR14932662_bin.15.fa,70.28,1.35,1039730,2831
SRR14932662_bin.16.fa,69.8,0.0,718519,15391
SRR14932662_bin.17.fa,90.03,1.82,1942611,10573
SRR14932662_bin.19.fa,71.11,0.0,1127561,76530
SRR14932662_bin.2.fa,71.78,0.5,900771,38106
SRR14932662_bin.20.fa,79.98,3.85,3072050,4217
SRR14932662_bin.22.fa,73.01,1.84,5254216,3179
SRR14932662_bin.23.fa,55.97,0.99,519332,4356
SRR14932662_bin.26.fa,67.98,0.0,2928243,5093
SRR14932662_bin.3.fa,57.07,0.0,2255160,1747
SRR14932662_bin.6.fa,93.48,4.46,2941833,7296
SRR14932662_bin.8.fa,75.52,5.06,3134574,7187
SRR14932662_bin.9.fa,65.09,1.01,1007923,6678
SRR14932663_bin.1.fa,61.2,1.87,3110859,4771
SRR14932663_bin.10.fa,85.34,1.05,1174673,4896
SRR14932663_bin.11.fa,84.19,5.26,3288695,3965
SRR14932663_bin.14.fa,98.54,0.0,3313725,40831
SRR14932663_bin.15.fa,59.65,0.09,1193624,8266
SRR14932663_bin.16.fa,80.21,3.11,2921330,2672
SRR14932663_bin.17.fa,74.75,0.99,799613,26353
SRR14932663_bin.2.fa,67.99,3.14,848580,37668
SRR14932663_bin.20.fa,93.81,2.29,2994573,6264
SRR14932663_bin.21.fa,99.48,0.49,2820744,47965
SRR14932663_bin.23.fa,73.61,0.0,994816,54101
SRR14932663_bin.27.fa,69.99,0.0,1137443,113504
SRR14932663_bin.3.fa,56.59,1.07,475010,4824
SRR14932663_bin.5.fa,87.67,1.35,1929714,13307
SRR14932663_bin.6.fa,69.32,0.99,955722,8688
SRR14932663_bin.8.fa,58.09,0.31,1036003,4272
SRR14932663_bin.9.fa,79.39,3.64,2991165,4632
SRR14932664_bin.10.fa,84.84,2.15,3680677,6017
SRR14932664_bin.12.fa,67.0,0.99,913895,11623
SRR14932664_bin.13.fa,86.18,1.02,3496471,6098
SRR14932664_bin.14.fa,62.86,1.3,1540660,2109
SRR14932664_bin.15.fa,55.06,1.01,665184,6665
SRR14932664_bin.16.fa,70.3,0.0,1024729,45338
SRR14932664_bin.17.fa,94.08,1.27,3707791,10666
SRR14932664_bin.19.fa,67.41,1.76,2082200,3517
SRR14932664_bin.23.fa,69.81,0.71,2574036,3747
SRR14932664_bin.25.fa,84.5,2.97,3418512,4129
SRR14932664_bin.26.fa,94.72,1.71,3740513,14629
SRR14932664_bin.27.fa,67.69,2.97,2388068,4345
SRR14932664_bin.28.fa,69.6,0.2,952344,14635
SRR14932664_bin.29.fa,85.61,5.06,3630941,9262
SRR14932664_bin.3.fa,81.59,2.0,3064334,8402
SRR14932664_bin.30.fa,72.01,2.74,2678886,3907
SRR14932664_bin.31.fa,91.72,0.76,3926176,15767
SRR14932664_bin.33.fa,70.38,1.83,2687194,2974
SRR14932664_bin.34.fa,86.44,3.82,3734552,6697
SRR14932664_bin.36.fa,52.51,0.0,2298559,2109
SRR14932664_bin.4.fa,84.2,2.57,2980468,2875
SRR14932664_bin.5.fa,74.28,3.3,2719447,4048
SRR14932664_bin.6.fa,97.25,2.2,2088709,9665
SRR14932664_bin.7.fa,56.85,1.08,1944720,2597
SRR14932664_bin.8.fa,62.24,2.14,2770384,2185
SRR14932664_bin.9.fa,74.88,1.15,2998441,4657
SRR14932665_bin.1.fa,85.32,0.65,2420601,37084
SRR14932665_bin.10.fa,79.46,3.18,3326877,5207
SRR14932665_bin.11.fa,67.49,1.98,841801,16247
SRR14932665_bin.12.fa,97.13,2.95,2697027,24618
SRR14932665_bin.14.fa,89.94,2.57,2866508,18051
SRR14932665_bin.16.fa,75.99,0.0,557429,17459
SRR14932665_bin.17.fa,76.1,3.96,2315566,4614
SRR14932665_bin.18.fa,97.52,1.73,3889531,28976
SRR14932665_bin.2.fa,81.1,0.99,1167070,19131
SRR14932665_bin.20.fa,95.54,6.03,3599329,6161
SRR14932665_bin.21.fa,90.03,1.69,1560696,21510
SRR14932665_bin.22.fa,89.44,2.22,1642291,11180
SRR14932665_bin.23.fa,67.19,0.0,947985,3970
SRR14932665_bin.24.fa,74.03,1.84,2974091,5500
SRR14932665_bin.25.fa,77.59,0.0,2734767,14753
SRR14932665_bin.26.fa,90.43,2.97,3259871,4064
SRR14932665_bin.27.fa,93.79,6.87,2893327,10459
SRR14932665_bin.28.fa,85.65,2.14,3091074,10755
SRR14932665_bin.29.fa,88.04,3.96,2983362,5139
SRR14932665_bin.3.fa,71.7,0.0,2509053,7705
SRR14932665_bin.31.fa,83.06,1.29,1677560,29497
SRR14932665_bin.32.fa,83.63,2.6,3344463,5697
SRR14932665_bin.33.fa,97.05,1.67,3440256,20208
SRR14932665_bin.34.fa,94.57,2.23,2445566,33079
SRR14932665_bin.35.fa,92.86,0.89,2857352,18801
SRR14932665_bin.37.fa,81.15,1.68,2067401,6725
SRR14932665_bin.38.fa,87.07,3.67,2421549,5230
SRR14932665_bin.39.fa,82.18,3.53,2532682,11519
SRR14932665_bin.40.fa,90.52,3.41,3357423,8826
SRR14932665_bin.43.fa,89.43,2.05,2399676,36369
SRR14932665_bin.45.fa,96.74,0.99,3837900,16276
SRR14932665_bin.46.fa,54.47,0.86,6992399,2163
SRR14932665_bin.47.fa,67.65,2.7,2366577,9845
SRR14932665_bin.49.fa,98.45,0.08,2679500,67377
SRR14932665_bin.5.fa,60.5,0.0,833696,13892
SRR14932665_bin.51.fa,97.65,0.0,5816234,31953
SRR14932665_bin.52.fa,80.2,1.48,3017543,5299
SRR14932665_bin.53.fa,59.65,0.43,619887,25479
SRR14932665_bin.54.fa,94.55,4.09,6734680,9879
SRR14932665_bin.55.fa,87.29,5.24,5546204,11460
SRR14932665_bin.56.fa,76.83,2.89,2917706,6118
SRR14932665_bin.57.fa,54.49,0.86,1756312,3755
SRR14932665_bin.58.fa,85.85,1.18,2615495,5462
SRR14932665_bin.59.fa,77.06,0.27,2882762,4126
SRR14932665_bin.61.fa,61.7,1.01,850789,15303
SRR14932665_bin.62.fa,90.9,2.89,3355750,9043
SRR14932665_bin.63.fa,91.46,4.88,2252356,14067
SRR14932665_bin.64.fa,91.23,5.1,2806740,9450
SRR14932665_bin.65.fa,79.52,0.76,3023624,6467
SRR14932665_bin.66.fa,89.5,1.17,2864021,7673
SRR14932665_bin.68.fa,97.52,0.99,4171997,35125
SRR14932665_bin.69.fa,78.63,2.95,2721519,3297
SRR14932665_bin.7.fa,87.94,5.84,3104079,6037
SRR14932665_bin.70.fa,59.11,0.0,3596658,5817
SRR14932665_bin.71.fa,78.28,1.26,4283019,3817
SRR14932665_bin.72.fa,85.26,2.93,2286645,4246
SRR14932665_bin.73.fa,89.41,3.12,3137223,9170
SRR14932665_bin.75.fa,79.98,3.19,3409628,17609
SRR14932665_bin.76.fa,59.23,1.82,2991973,3076
SRR14932665_bin.9.fa,83.55,2.01,3977752,12422
SRR14932666_bin.1.fa,92.11,5.85,2774834,8906
SRR14932666_bin.10.fa,93.44,2.39,4023756,9377
SRR14932666_bin.11.fa,82.66,3.09,2412764,6204
SRR14932666_bin.12.fa,88.37,2.56,4777168,8999
SRR14932666_bin.13.fa,91.21,5.24,3389257,11675
SRR14932666_bin.14.fa,80.76,2.78,2535972,4206
SRR14932666_bin.15.fa,76.06,0.9,2761499,4791
SRR14932666_bin.16.fa,67.21,2.46,2843831,3509
SRR14932666_bin.17.fa,69.63,3.11,1803845,2653
SRR14932666_bin.19.fa,95.68,3.89,3989097,24856
SRR14932666_bin.2.fa,96.99,1.4,3858976,16570
SRR14932666_bin.20.fa,94.86,1.12,3427199,24563
SRR14932666_bin.22.fa,81.0,2.06,2428817,5567
SRR14932666_bin.23.fa,76.26,3.3,2727980,2313
SRR14932666_bin.24.fa,70.11,2.38,2397406,6452
SRR14932666_bin.25.fa,83.58,5.31,2471126,6296
SRR14932666_bin.3.fa,58.62,0.0,3143482,13417
SRR14932666_bin.4.fa,76.06,0.9,2779234,4682
SRR14932666_bin.5.fa,57.97,0.99,2311708,2000
SRR14932666_bin.6.fa,63.9,2.0,4441108,2631
SRR14932666_bin.8.fa,80.47,2.64,4049649,7504
SRR14932666_bin.9.fa,64.8,0.0,975332,3758
SRR14932671_bin.1.fa,93.1,1.64,3436283,9516
SRR14932671_bin.11.fa,89.46,1.97,2834907,17982
SRR14932671_bin.14.fa,78.71,2.06,2634048,9402
SRR14932671_bin.18.fa,93.99,3.97,3580575,5871
SRR14932671_bin.19.fa,67.15,1.26,754960,3950
SRR14932671_bin.2.fa,90.08,4.41,2951157,6217
SRR14932671_bin.20.fa,80.79,2.89,2896685,6043
SRR14932671_bin.21.fa,54.18,0.0,3513471,2222
SRR14932671_bin.24.fa,94.65,0.99,2703205,11505
SRR14932671_bin.5.fa,98.35,0.0,3578305,39139
SRR14932671_bin.6.fa,90.31,3.42,2321364,3201
SRR14932671_bin.7.fa,85.44,4.21,11518055,6260
SRR14932671_bin.8.fa,85.16,4.52,4995007,13672
SRR14932671_bin.9.fa,98.03,1.23,5763041,11207
SRR14932672_bin.1.fa,83.17,4.04,2813689,4249
SRR14932672_bin.13.fa,80.48,3.75,3289733,3468
SRR14932672_bin.15.fa,52.49,0.0,545246,3711
SRR14932672_bin.17.fa,96.53,1.49,2978453,46033
SRR14932672_bin.18.fa,65.27,2.97,2409886,3233
SRR14932672_bin.19.fa,63.72,2.23,2244993,3992
SRR14932672_bin.2.fa,95.64,0.77,4056186,25326
SRR14932672_bin.21.fa,92.55,0.74,3438498,8923
SRR14932672_bin.22.fa,67.27,0.48,1648145,3906
SRR14932672_bin.23.fa,78.84,3.24,2974675,4528
SRR14932672_bin.27.fa,72.24,3.2,4044360,2589
SRR14932672_bin.28.fa,88.01,4.09,3716776,13987
SRR14932672_bin.29.fa,91.87,2.0,2913568,12522
SRR14932672_bin.3.fa,67.74,3.31,2088749,4275
SRR14932672_bin.30.fa,84.19,4.57,4925433,8938
SRR14932672_bin.31.fa,94.25,0.99,3547483,9880
SRR14932672_bin.32.fa,96.41,1.49,5047923,27974
SRR14932672_bin.35.fa,61.93,0.0,3395456,5409
SRR14932672_bin.36.fa,71.7,1.72,3557745,2656
SRR14932672_bin.37.fa,84.36,2.33,3094554,4665
SRR14932672_bin.4.fa,62.82,0.0,640532,11510
SRR14932672_bin.5.fa,74.14,0.86,2648688,6369
SRR14932672_bin.6.fa,74.38,2.36,2911845,7250
SRR14932672_bin.7.fa,94.62,0.65,2905252,134143
SRR14932672_bin.8.fa,84.15,2.74,2432381,7403
SRR14932672_bin.9.fa,95.32,0.49,3438758,13105
SRR14932673_bin.1.fa,80.78,5.11,3358715,5345
SRR14932673_bin.10.fa,87.33,4.22,3127329,6357
SRR14932673_bin.11.fa,93.22,1.49,4359000,13953
SRR14932673_bin.13.fa,89.59,0.69,2235322,10406
SRR14932673_bin.16.fa,62.22,0.66,1943570,3100
SRR14932673_bin.17.fa,69.28,2.62,1883786,2369
SRR14932673_bin.18.fa,58.36,0.34,418165,11657
SRR14932673_bin.19.fa,82.58,1.31,2318641,4590
SRR14932673_bin.2.fa,70.0,1.58,2512006,4112
SRR14932673_bin.21.fa,74.5,0.55,2709554,5620
SRR14932673_bin.22.fa,77.7,1.84,2418284,4831
SRR14932673_bin.24.fa,76.14,1.54,1819820,5569
SRR14932673_bin.25.fa,87.8,2.44,2779525,55412
SRR14932673_bin.27.fa,90.78,4.31,5217578,8722
SRR14932673_bin.29.fa,83.42,4.8,3259483,8644
SRR14932673_bin.3.fa,89.69,2.56,7511583,9957
SRR14932673_bin.30.fa,65.25,1.6,2107143,4155
SRR14932673_bin.33.fa,70.01,2.07,482797,3514
SRR14932673_bin.34.fa,61.72,1.43,1759664,2272
SRR14932673_bin.4.fa,74.91,4.56,3033754,4074
SRR14932673_bin.5.fa,79.02,1.77,2422594,4370
SRR14932673_bin.7.fa,61.55,1.83,2104466,4195
SRR14932673_bin.9.fa,73.21,2.56,2973078,6168
SRR14932674_bin.1.fa,85.09,2.57,3074680,7433
SRR14932674_bin.10.fa,83.51,2.04,3088395,4937
SRR14932674_bin.11.fa,88.02,2.61,2025227,3501
SRR14932674_bin.12.fa,82.09,1.6,3019829,3124
SRR14932674_bin.13.fa,94.36,0.96,3285037,24944
SRR14932674_bin.14.fa,90.88,0.15,1593040,7497
SRR14932674_bin.15.fa,96.38,2.65,2892730,17283
SRR14932674_bin.16.fa,85.42,3.74,3493245,7621
SRR14932674_bin.17.fa,58.79,1.49,549132,4590
SRR14932674_bin.18.fa,96.77,0.54,2963946,64665
SRR14932674_bin.19.fa,92.73,0.91,3760621,11233
SRR14932674_bin.2.fa,96.63,1.21,2598380,25524
SRR14932674_bin.20.fa,76.83,1.52,2005599,3753
SRR14932674_bin.23.fa,91.43,1.67,2933970,31385
SRR14932674_bin.24.fa,84.77,2.0,1785104,5280
SRR14932674_bin.26.fa,92.55,2.79,3764468,16653
SRR14932674_bin.27.fa,98.04,0.19,2305966,50028
SRR14932674_bin.28.fa,86.53,2.42,2738594,7639
SRR14932674_bin.29.fa,89.3,0.27,2294488,9256
SRR14932674_bin.3.fa,83.79,1.01,2993683,5916
SRR14932674_bin.30.fa,82.9,0.48,1815089,5103
SRR14932674_bin.31.fa,82.2,1.32,2521986,4093
SRR14932674_bin.32.fa,74.73,0.0,769176,4115
SRR14932674_bin.33.fa,81.99,0.71,3336456,7671
SRR14932674_bin.34.fa,88.1,2.44,4245213,7354
SRR14932674_bin.35.fa,54.65,0.0,826912,3015
SRR14932674_bin.36.fa,89.23,1.47,2104802,8422
SRR14932674_bin.37.fa,88.54,3.82,2131196,4979
SRR14932674_bin.38.fa,97.85,2.69,6654529,19772
SRR14932674_bin.4.fa,92.81,1.95,3421494,9756
SRR14932674_bin.40.fa,73.07,2.19,2065912,2251
SRR14932674_bin.41.fa,93.59,1.82,2754189,5249
SRR14932674_bin.42.fa,66.63,1.98,612254,8145
SRR14932674_bin.43.fa,78.95,1.75,3207961,24044
SRR14932674_bin.45.fa,83.22,0.0,1272576,4367
SRR14932674_bin.46.fa,62.37,2.28,1727876,1897
SRR14932674_bin.5.fa,84.33,2.26,1514217,4258
SRR14932674_bin.6.fa,96.48,1.15,2218520,7601
SRR14932674_bin.7.fa,77.56,0.73,1676408,2903
SRR14932674_bin.8.fa,70.66,0.1,1077696,1890
SRR14932674_bin.9.fa,77.44,2.36,1297580,2354
SRR14932675_bin.1.fa,94.31,1.38,2470631,42269
SRR14932675_bin.10.fa,99.75,0.0,2950798,165176
SRR14932675_bin.11.fa,87.97,2.02,4540094,8356
SRR14932675_bin.12.fa,72.4,2.87,2686153,5901
SRR14932675_bin.13.fa,68.48,0.85,4965750,4355
SRR14932675_bin.15.fa,91.58,2.67,7862567,7998
SRR14932675_bin.16.fa,73.7,1.68,1780566,2679
SRR14932675_bin.17.fa,90.48,5.04,6706329,10375
SRR14932675_bin.19.fa,93.96,5.24,7936839,29121
SRR14932675_bin.2.fa,97.01,3.07,3544128,17327
SRR14932675_bin.20.fa,65.52,0.0,1718044,9525
SRR14932675_bin.21.fa,94.77,1.73,5389024,15353
SRR14932675_bin.24.fa,98.21,1.34,3391679,70962
SRR14932675_bin.26.fa,88.64,3.41,6642803,20078
SRR14932675_bin.27.fa,75.65,2.36,2948509,4514
SRR14932675_bin.28.fa,54.28,0.54,1194948,2114
SRR14932675_bin.30.fa,95.08,2.38,3607332,10644
SRR14932675_bin.32.fa,84.62,3.56,5926791,14450
SRR14932675_bin.33.fa,85.09,4.06,8032245,17011
SRR14932675_bin.34.fa,97.86,6.08,6652687,43537
SRR14932675_bin.36.fa,67.69,0.56,818475,12477
SRR14932675_bin.38.fa,98.28,1.97,3440482,65681
SRR14932675_bin.39.fa,88.19,1.98,2672184,11365
SRR14932675_bin.4.fa,94.3,1.29,2809620,19625
SRR14932675_bin.40.fa,90.55,3.43,3763800,6892
SRR14932675_bin.41.fa,50.13,0.0,627403,5457
SRR14932675_bin.43.fa,99.52,0.0,3052337,101834
SRR14932675_bin.44.fa,80.24,2.77,3242658,2859
SRR14932675_bin.45.fa,71.78,0.99,998117,92221
SRR14932675_bin.47.fa,77.26,2.74,2250102,3219
SRR14932675_bin.48.fa,58.86,0.16,943924,5317
SRR14932675_bin.5.fa,63.01,1.63,2888753,2191
SRR14932675_bin.6.fa,99.98,0.0,3954310,85474
SRR14932675_bin.7.fa,88.33,2.73,3741434,5564
SRR14932675_bin.8.fa,87.8,3.11,4819432,8026
SRR14932675_bin.9.fa,63.11,1.98,2532439,4759
SRR14932678_bin.1.fa,88.7,2.62,5087523,8281
SRR14932678_bin.10.fa,97.74,0.21,3905511,32473
SRR14932678_bin.12.fa,96.44,1.31,2364397,26275
SRR14932678_bin.13.fa,99.05,0.95,3259325,45593
SRR14932678_bin.16.fa,83.92,0.94,2738420,10495
SRR14932678_bin.17.fa,70.0,1.5,2437056,3748
SRR14932678_bin.18.fa,73.92,2.3,3316908,4559
SRR14932678_bin.20.fa,85.03,2.85,2949292,6300
SRR14932678_bin.21.fa,75.73,0.84,2251789,3766
SRR14932678_bin.23.fa,64.09,1.72,3420332,1938
SRR14932678_bin.24.fa,87.32,2.1,6906147,5788
SRR14932678_bin.25.fa,94.45,2.99,4015928,13213
SRR14932678_bin.26.fa,84.36,3.87,3556984,5400
SRR14932678_bin.27.fa,77.2,2.25,2751239,3403
SRR14932678_bin.29.fa,97.06,0.86,4134442,40864
SRR14932678_bin.30.fa,77.15,1.48,3374073,6403
SRR14932678_bin.31.fa,69.7,0.0,1785820,12602
SRR14932678_bin.33.fa,84.09,4.6,3333181,9742
SRR14932678_bin.35.fa,70.15,3.52,2221446,3555
SRR14932678_bin.6.fa,91.36,2.91,3431866,13877
SRR14932678_bin.7.fa,93.59,3.09,3434156,5854
SRR14932678_bin.8.fa,76.07,1.08,2327414,3237
SRR14932678_bin.9.fa,82.55,2.88,2211624,5450
SRR14932679_bin.10.fa,68.5,3.18,2407684,6732
SRR14932679_bin.12.fa,61.44,1.12,1552377,2207
SRR14932679_bin.13.fa,85.61,1.09,3500615,13076
SRR14932679_bin.15.fa,67.54,0.0,3034418,5584
SRR14932679_bin.16.fa,65.22,1.27,2456242,5007
SRR14932679_bin.2.fa,82.91,5.4,4025143,3390
SRR14932679_bin.3.fa,96.45,1.97,3280478,21777
SRR14932679_bin.5.fa,88.05,1.95,2571317,6311
SRR14932679_bin.6.fa,91.74,2.46,3263613,9584
SRR14932679_bin.7.fa,63.78,0.0,787627,13426
SRR14932679_bin.8.fa,96.89,0.99,6273379,15091
SRR14932679_bin.9.fa,70.21,3.84,2765756,3068
SRR14932690_bin.1.fa,90.79,2.95,7333671,12617
SRR14932690_bin.10.fa,63.38,1.01,3736454,3054
SRR14932690_bin.12.fa,54.55,0.0,726681,4701
SRR14932690_bin.14.fa,86.67,6.44,3015433,4388
SRR14932690_bin.15.fa,75.64,2.07,3623849,2942
SRR14932690_bin.16.fa,97.08,1.69,3437174,23049
SRR14932690_bin.17.fa,84.36,3.51,3198986,3726
SRR14932690_bin.18.fa,79.09,1.23,3433358,6366
SRR14932690_bin.19.fa,69.78,2.35,2787785,7485
SRR14932690_bin.2.fa,62.42,1.98,4352134,3494
SRR14932690_bin.20.fa,91.61,5.78,13431703,11513
SRR14932690_bin.21.fa,73.37,3.02,2496269,4355
SRR14932690_bin.23.fa,71.57,2.08,2212128,5460
SRR14932690_bin.25.fa,96.8,0.0,3653647,79304
SRR14932690_bin.26.fa,60.53,1.75,2010476,3755
SRR14932690_bin.27.fa,59.81,1.75,5188077,8287
SRR14932690_bin.28.fa,90.22,4.54,3630107,11778
SRR14932690_bin.3.fa,85.52,2.93,3275038,5368
SRR14932690_bin.30.fa,81.77,4.64,1917482,3644
SRR14932690_bin.31.fa,93.18,1.14,4564340,31286
SRR14932690_bin.32.fa,91.54,2.81,5058045,9477
SRR14932690_bin.33.fa,93.6,3.56,3143499,10227
SRR14932690_bin.37.fa,93.33,2.14,2817547,13527
SRR14932690_bin.38.fa,63.1,1.92,5353513,1838
SRR14932690_bin.39.fa,96.43,0.49,5377234,11734
SRR14932690_bin.4.fa,91.13,0.76,3836486,15576
SRR14932690_bin.40.fa,96.08,1.5,2618341,17196
SRR14932690_bin.42.fa,80.57,2.81,8814983,5133
SRR14932690_bin.43.fa,84.26,1.93,2853256,6630
SRR14932690_bin.44.fa,82.23,2.34,3218265,10079
SRR14932690_bin.45.fa,57.92,0.0,2685979,4990
SRR14932690_bin.47.fa,90.09,4.95,3135152,10275
SRR14932690_bin.5.fa,96.51,1.52,4077623,22444
SRR14932690_bin.51.fa,68.68,0.22,2755313,3123
SRR14932690_bin.6.fa,77.12,4.09,3067900,9953
SRR14932690_bin.7.fa,78.91,4.75,3607953,4519
SRR14932690_bin.8.fa,91.24,1.8,3287057,40924
SRR14932690_bin.9.fa,96.21,0.74,4075656,28642
SRR14932691_bin.1.fa,92.11,1.97,2529056,6963
SRR14932691_bin.11.fa,72.05,2.3,2859612,2578
SRR14932691_bin.13.fa,65.52,1.72,2982704,8795
SRR14932691_bin.14.fa,92.88,3.2,3606507,13277
SRR14932691_bin.15.fa,79.22,2.73,2868552,6070
SRR14932691_bin.16.fa,93.85,1.6,3967318,24077
SRR14932691_bin.17.fa,66.51,0.91,1569989,4370
SRR14932691_bin.18.fa,94.68,0.9,3756433,35466
SRR14932691_bin.20.fa,88.88,5.84,3299575,7014
SRR14932691_bin.21.fa,72.63,3.71,2439481,4166
SRR14932691_bin.22.fa,59.96,0.0,624341,7310
SRR14932691_bin.23.fa,87.66,0.57,2792786,16789
SRR14932691_bin.24.fa,72.19,0.37,1847103,6501
SRR14932691_bin.25.fa,71.58,3.4,2132113,4329
SRR14932691_bin.26.fa,84.43,0.93,2147707,5990
SRR14932691_bin.27.fa,70.9,3.52,2803972,3350
SRR14932691_bin.28.fa,71.58,1.66,3128398,4848
SRR14932691_bin.29.fa,55.02,0.16,747833,6904
SRR14932691_bin.3.fa,86.05,3.42,3293156,9046
SRR14932691_bin.30.fa,59.99,0.47,2496614,5481
SRR14932691_bin.31.fa,73.15,1.39,858545,36548
SRR14932691_bin.32.fa,72.94,1.71,4313764,2508
SRR14932691_bin.33.fa,62.27,0.0,989135,4682
SRR14932691_bin.35.fa,85.22,2.14,3002940,7766
SRR14932691_bin.38.fa,71.19,3.33,2511365,5995
SRR14932691_bin.4.fa,88.02,2.18,4827092,9105
SRR14932691_bin.6.fa,71.9,2.78,2290057,2747
SRR14932691_bin.8.fa,50.84,0.09,4070361,4475
SRR14932691_bin.9.fa,89.93,2.96,3688655,15260
SRR14932692_bin.1.fa,94.78,2.61,3900398,43468
SRR14932692_bin.10.fa,74.07,0.93,892986,54944
SRR14932692_bin.12.fa,83.8,1.65,3292780,8668
SRR14932692_bin.13.fa,76.36,4.27,2838195,7075
SRR14932692_bin.14.fa,67.73,0.1,3233434,7924
SRR14932692_bin.15.fa,90.94,0.85,2806376,24188
SRR14932692_bin.16.fa,85.6,3.13,3066924,9367
SRR14932692_bin.17.fa,85.64,5.24,4393501,4174
SRR14932692_bin.18.fa,70.24,1.14,2348782,6006
SRR14932692_bin.19.fa,57.16,0.12,1731640,1981
SRR14932692_bin.2.fa,90.9,2.41,3001099,8107
SRR14932692_bin.20.fa,64.55,1.27,2939017,11695
SRR14932692_bin.21.fa,78.45,1.56,2572823,5446
SRR14932692_bin.22.fa,96.5,1.48,2808323,20356
SRR14932692_bin.23.fa,86.55,2.73,2929273,6723
SRR14932692_bin.24.fa,64.19,0.0,656711,8501
SRR14932692_bin.25.fa,90.15,3.21,4822547,11193
SRR14932692_bin.26.fa,74.22,0.09,4844960,4818
SRR14932692_bin.27.fa,60.27,0.91,2115703,2418
SRR14932692_bin.28.fa,82.61,4.7,3072277,7255
SRR14932692_bin.29.fa,66.67,1.03,778788,18948
SRR14932692_bin.3.fa,72.95,3.67,2375555,2448
SRR14932692_bin.30.fa,79.73,3.92,3266202,4068
SRR14932692_bin.31.fa,74.05,3.97,2289762,4569
SRR14932692_bin.32.fa,75.75,0.19,3431720,5708
SRR14932692_bin.33.fa,78.44,3.92,1934563,9045
SRR14932692_bin.35.fa,64.85,2.97,700245,15855
SRR14932692_bin.36.fa,51.72,0.0,1031688,4353
SRR14932692_bin.37.fa,74.48,0.0,1367014,18453
SRR14932692_bin.38.fa,60.97,1.72,913998,7165
SRR14932692_bin.4.fa,80.94,2.56,5158963,7396
SRR14932692_bin.40.fa,93.23,1.21,3935759,27364
SRR14932692_bin.41.fa,77.67,1.93,2531249,6235
SRR14932692_bin.42.fa,82.7,2.18,3072652,5571
SRR14932692_bin.44.fa,93.57,1.64,3354347,13468
SRR14932692_bin.45.fa,89.62,0.85,3351171,10318
SRR14932692_bin.49.fa,78.3,3.89,2728432,5144
SRR14932692_bin.5.fa,86.27,1.54,3557367,7823
SRR14932692_bin.6.fa,96.06,0.49,3659082,62128
SRR14932692_bin.7.fa,90.25,0.93,2409755,15006
SRR14932692_bin.8.fa,70.34,3.17,2414422,3156
SRR14932692_bin.9.fa,94.07,2.61,3735505,17419
SRR14932693_bin.1.fa,91.86,3.14,5025913,6064
SRR14932693_bin.10.fa,85.2,1.34,3552116,9670
SRR14932693_bin.12.fa,80.23,0.47,2548638,5492
SRR14932693_bin.13.fa,97.51,0.25,3668106,26681
SRR14932693_bin.14.fa,96.04,1.24,3158802,64699
SRR14932693_bin.15.fa,79.73,2.89,3151337,6102
SRR14932693_bin.16.fa,68.77,1.5,782802,9095
SRR14932693_bin.17.fa,73.81,2.01,2344652,2966
SRR14932693_bin.18.fa,88.77,4.79,3146972,5202
SRR14932693_bin.20.fa,74.87,0.55,2979701,2877
SRR14932693_bin.21.fa,97.04,2.55,2516330,8777
SRR14932693_bin.23.fa,83.58,0.06,1044154,5659
SRR14932693_bin.24.fa,75.52,3.78,2503787,5575
SRR14932693_bin.25.fa,93.85,1.14,2897469,13317
SRR14932693_bin.26.fa,97.26,0.83,2920453,32167
SRR14932693_bin.27.fa,83.54,0.74,2995729,18176
SRR14932693_bin.28.fa,89.23,3.45,7007434,8384
SRR14932693_bin.3.fa,94.8,2.51,3775774,17361
SRR14932693_bin.30.fa,81.38,2.09,2675578,15027
SRR14932693_bin.31.fa,81.25,3.16,2963487,8621
SRR14932693_bin.32.fa,64.45,0.0,843755,9473
SRR14932693_bin.34.fa,95.36,1.41,3965727,19172
SRR14932693_bin.36.fa,89.39,2.63,3922279,75743
SRR14932693_bin.38.fa,92.48,2.77,3262727,11790
SRR14932693_bin.39.fa,75.46,2.53,5452859,3059
SRR14932693_bin.40.fa,90.0,4.55,7643316,14199
SRR14932693_bin.42.fa,82.97,2.69,2479462,8325
SRR14932693_bin.44.fa,82.08,2.01,3011636,3379
SRR14932693_bin.45.fa,95.16,3.31,5007476,9053
SRR14932693_bin.47.fa,56.4,0.99,669369,3251
SRR14932693_bin.48.fa,83.43,3.03,3848286,12259
SRR14932693_bin.5.fa,94.31,0.99,3570189,23459
SRR14932693_bin.51.fa,80.66,2.36,2198259,6454
SRR14932693_bin.8.fa,84.65,3.05,3919368,6230
SRR14932693_bin.9.fa,96.63,2.25,5784687,32592
SRR14932695_bin.1.fa,68.98,3.33,990118,10160
SRR14932695_bin.10.fa,87.63,4.48,3200711,3534
SRR14932695_bin.11.fa,73.67,3.89,1988939,4388
SRR14932695_bin.12.fa,53.89,0.0,2001282,1498
SRR14932695_bin.13.fa,55.06,0.22,897372,3560
SRR14932695_bin.15.fa,82.68,0.03,1297642,6552
SRR14932695_bin.16.fa,59.27,1.4,631606,6993
SRR14932695_bin.17.fa,72.69,0.0,979374,71646
SRR14932695_bin.18.fa,87.39,1.03,3638680,7389
SRR14932695_bin.19.fa,88.1,2.95,3483262,6874
SRR14932695_bin.2.fa,71.18,0.0,1140700,76645
SRR14932695_bin.20.fa,98.28,0.0,2958735,34686
SRR14932695_bin.21.fa,99.26,0.0,3508117,38758
SRR14932695_bin.3.fa,81.59,3.41,3210648,13077
SRR14932695_bin.6.fa,96.45,2.49,3231643,11776
SRR14932695_bin.7.fa,54.45,0.17,2639571,1840
SRR14932695_bin.8.fa,78.62,3.52,2546350,5622
SRR14932695_bin.9.fa,84.07,0.68,1884323,5260
SRR14932697_bin.1.fa,87.92,1.93,3643566,4122
SRR14932697_bin.11.fa,80.54,5.3,4225326,6458
SRR14932697_bin.13.fa,81.88,2.23,3978384,5669
SRR14932697_bin.14.fa,81.96,0.73,2564963,5016
SRR14932697_bin.15.fa,89.95,2.39,2323054,8614
SRR14932697_bin.16.fa,79.68,5.39,3051751,4923
SRR14932697_bin.17.fa,82.0,5.38,3614202,11503
SRR14932697_bin.19.fa,96.81,1.58,3207758,13907
SRR14932697_bin.2.fa,97.7,3.4,3491084,13873
SRR14932697_bin.20.fa,89.69,2.22,3492186,6764
SRR14932697_bin.3.fa,99.05,0.71,3063170,71013
SRR14932697_bin.4.fa,92.0,0.25,3505774,55608
SRR14932697_bin.8.fa,82.0,5.17,3230149,4675
SRR14932697_bin.9.fa,93.54,1.7,2751825,14571
SRR14932698_bin.1.fa,88.44,1.04,2807161,19366
SRR14932698_bin.10.fa,61.0,1.72,2775582,2391
SRR14932698_bin.11.fa,72.95,0.19,1017940,6730
SRR14932698_bin.12.fa,55.63,0.0,855141,2561
SRR14932698_bin.13.fa,95.68,0.0,2439168,74651
SRR14932698_bin.14.fa,79.92,0.65,7149213,7076
SRR14932698_bin.15.fa,97.86,5.74,6699919,93426
SRR14932698_bin.16.fa,95.79,0.14,2872262,12014
SRR14932698_bin.17.fa,87.4,4.59,4363556,8339
SRR14932698_bin.19.fa,98.21,1.19,3400636,123754
SRR14932698_bin.2.fa,93.96,0.93,2797086,15100
SRR14932698_bin.20.fa,77.57,1.67,3548450,12006
SRR14932698_bin.23.fa,68.17,0.92,819277,162842
SRR14932698_bin.24.fa,96.38,0.76,5300061,14773
SRR14932698_bin.25.fa,71.85,3.12,3892640,5723
SRR14932698_bin.26.fa,95.45,3.41,6857296,27968
SRR14932698_bin.27.fa,87.25,6.41,3546142,6427
SRR14932698_bin.28.fa,85.91,3.28,6153265,7981
SRR14932698_bin.29.fa,89.92,3.55,6585797,10161
SRR14932698_bin.3.fa,77.98,1.67,3024835,5523
SRR14932698_bin.30.fa,62.3,2.18,2324882,4455
SRR14932698_bin.32.fa,65.07,1.17,2622637,6182
SRR14932698_bin.33.fa,86.4,1.42,4690190,14251
SRR14932698_bin.35.fa,99.98,0.0,3945555,144584
SRR14932698_bin.36.fa,73.58,2.67,2843539,2583
SRR14932698_bin.37.fa,69.4,2.91,2633872,3160
SRR14932698_bin.38.fa,93.96,2.64,8070839,34225
SRR14932698_bin.39.fa,52.71,0.16,2377680,2987
SRR14932698_bin.4.fa,86.74,3.29,3973508,21504
SRR14932698_bin.40.fa,98.28,0.49,3544917,67304
SRR14932698_bin.41.fa,77.65,1.94,2766771,12291
SRR14932698_bin.42.fa,100.0,0.22,3460120,21913
SRR14932698_bin.5.fa,83.58,2.18,7514248,9138
SRR14932698_bin.6.fa,100.0,0.0,2991179,135555
SRR14932698_bin.9.fa,99.75,0.0,2714293,168976
SRR14932699_bin.1.fa,92.19,1.14,2865065,20831
SRR14932699_bin.10.fa,75.54,4.96,3163161,3658
SRR14932699_bin.11.fa,94.31,2.27,2993757,19527
SRR14932699_bin.13.fa,88.42,2.56,2605921,8394
SRR14932699_bin.14.fa,67.24,1.84,2337489,3112
SRR14932699_bin.15.fa,88.94,3.85,4712691,13531
SRR14932699_bin.16.fa,78.98,2.28,2234294,3725
SRR14932699_bin.19.fa,98.03,1.54,4128200,64925
SRR14932699_bin.2.fa,84.84,2.61,3052054,4526
SRR14932699_bin.21.fa,88.15,5.74,3511695,7952
SRR14932699_bin.24.fa,80.53,2.88,3643139,3406
SRR14932699_bin.25.fa,79.02,1.93,3427884,6452
SRR14932699_bin.26.fa,77.88,3.2,3277850,5385
SRR14932699_bin.27.fa,88.81,2.94,3194709,6744
SRR14932699_bin.28.fa,91.9,1.97,4021334,10198
SRR14932699_bin.3.fa,80.44,4.03,2735564,4801
SRR14932699_bin.30.fa,86.37,2.78,3151450,6665
SRR14932699_bin.31.fa,63.8,1.48,2134637,4016
SRR14932699_bin.7.fa,81.33,5.6,2855214,5249
SRR14932699_bin.8.fa,69.07,2.13,2180189,3169
SRR14932699_bin.9.fa,92.09,1.85,3943855,8220
SRR14932700_bin.1.fa,67.73,2.17,2757954,3590
SRR14932700_bin.10.fa,90.69,3.42,3714100,6485
SRR14932700_bin.11.fa,91.58,2.97,2769655,8587
SRR14932700_bin.12.fa,80.7,1.19,4312888,5314
SRR14932700_bin.13.fa,87.63,4.69,4893956,4559
SRR14932700_bin.14.fa,70.97,3.33,3181892,2349
SRR14932700_bin.15.fa,76.36,2.99,3158899,6252
SRR14932700_bin.16.fa,99.73,3.11,3881252,14084
SRR14932700_bin.17.fa,55.25,0.0,686339,6523
SRR14932700_bin.18.fa,96.38,5.68,3882840,17049
SRR14932700_bin.2.fa,67.32,0.36,3295419,2099
SRR14932700_bin.20.fa,67.48,0.63,917706,9105
SRR14932700_bin.21.fa,55.09,0.99,727025,4604
SRR14932700_bin.22.fa,92.27,5.04,1881759,40377
SRR14932700_bin.23.fa,97.14,0.48,3044388,109263
SRR14932700_bin.26.fa,92.61,1.85,4060582,12180
SRR14932700_bin.27.fa,92.71,1.17,3019572,5648
SRR14932700_bin.28.fa,50.8,0.0,1098430,1617
SRR14932700_bin.3.fa,65.11,2.56,2347713,2396
SRR14932700_bin.32.fa,66.4,3.21,3908395,3464
SRR14932700_bin.5.fa,93.81,0.74,2979732,22985
SRR14932700_bin.6.fa,87.34,4.51,3487344,4080
SRR14932700_bin.8.fa,84.02,4.14,3799841,4963
SRR14932701_bin.1.fa,81.33,3.22,2493671,6438
SRR14932701_bin.10.fa,91.22,1.67,3914068,10704
SRR14932701_bin.12.fa,70.67,3.61,2275203,3279
SRR14932701_bin.13.fa,69.1,1.73,4526902,3895
SRR14932701_bin.15.fa,94.83,5.99,2962176,7144
SRR14932701_bin.16.fa,88.06,1.64,2582514,9411
SRR14932701_bin.17.fa,89.24,3.85,3062236,5479
SRR14932701_bin.19.fa,86.01,3.43,3383263,7375
SRR14932701_bin.2.fa,93.85,2.22,2820651,12392
SRR14932701_bin.21.fa,96.62,1.52,2917101,11801
SRR14932701_bin.22.fa,95.73,2.14,3835802,14997
SRR14932701_bin.23.fa,62.59,0.0,2638170,5050
SRR14932701_bin.24.fa,77.55,5.46,2465603,3977
SRR14932701_bin.25.fa,56.9,0.0,1710279,8605
SRR14932701_bin.26.fa,94.47,1.24,2793527,16398
SRR14932701_bin.28.fa,87.47,1.35,2187378,5982
SRR14932701_bin.3.fa,91.72,2.27,2273960,12030
SRR14932701_bin.30.fa,90.62,1.22,3340362,38239
SRR14932701_bin.34.fa,96.37,1.96,3817906,22976
SRR14932701_bin.35.fa,60.56,0.5,849597,2873
SRR14932701_bin.37.fa,85.08,2.1,2040748,8162
SRR14932701_bin.38.fa,92.26,2.47,3366494,8883
SRR14932701_bin.39.fa,61.92,1.57,1713237,2342
SRR14932701_bin.4.fa,77.37,3.64,4090241,3811
SRR14932701_bin.42.fa,58.58,1.69,2558824,2164
SRR14932701_bin.5.fa,81.49,2.21,2059750,12724
SRR14932701_bin.6.fa,64.11,1.88,2347648,2028
SRR14932701_bin.7.fa,67.46,0.63,2474187,3216
SRR14932701_bin.9.fa,96.43,1.59,2982033,45074
SRR14932702_bin.1.fa,93.1,2.47,3596719,12963
SRR14932702_bin.10.fa,66.5,2.96,2672035,4108
SRR14932702_bin.11.fa,91.45,1.53,3936430,10192
SRR14932702_bin.14.fa,72.0,1.23,907283,7940
SRR14932702_bin.15.fa,93.01,1.97,3746259,28866
SRR14932702_bin.16.fa,94.79,3.33,2650127,9193
SRR14932702_bin.17.fa,58.57,1.29,2241192,5650
SRR14932702_bin.19.fa,60.69,0.0,1908415,2542
SRR14932702_bin.20.fa,72.69,1.61,2457949,6645
SRR14932702_bin.21.fa,92.16,5.82,3824050,13598
SRR14932702_bin.26.fa,72.53,1.86,2927784,4279
SRR14932702_bin.3.fa,80.83,2.12,4235170,4961
SRR14932702_bin.6.fa,70.06,1.99,3190264,5939
SRR14932702_bin.7.fa,75.7,4.09,2950982,3344
SRR14932702_bin.9.fa,95.88,3.18,3592102,10492
